inventory_id,store_id,product_id,stock_quantity,reorder_level,last_restock_date
1,1,204,461,27,2025-02-04
2,1,267,230,34,2026-02-03
3,1,153,98,27,2025-12-31
4,1,10,73,33,2026-02-03
5,1,234,30,40,2025-05-07
6,1,227,114,50,2025-01-02
7,1,197,167,32,2025-11-14
8,1,110,247,45,2025-03-16
9,1,6,401,27,2025-06-13
10,1,176,248,30,2025-11-06
11,1,238,452,44,2025-04-13
12,1,58,421,22,2025-11-02
13,1,219,309,17,2025-06-01
14,1,46,375,13,2026-01-12
15,1,183,453,22,2025-09-26
16,1,222,409,42,2025-05-25
17,1,290,127,34,2025-08-05
18,1,212,358,10,2025-06-02
19,1,149,133,23,2025-03-15
20,1,166,151,11,2025-01-15
21,1,79,333,36,2025-02-10
22,1,114,188,39,2026-02-02
23,1,250,465,19,2025-08-17
24,1,251,320,34,2025-10-12
25,1,105,80,48,2025-08-16
26,1,43,388,30,2025-02-25
27,1,282,479,27,2025-08-22
28,1,296,141,22,2025-12-28
29,1,158,310,39,2025-05-26
30,1,239,83,47,2025-03-07
31,1,18,165,11,2025-03-05
32,1,165,26,30,2025-10-10
33,1,34,244,33,2025-03-14
34,1,25,161,34,2025-10-09
35,1,216,13,50,2025-08-11
36,1,120,330,30,2025-07-22
37,1,8,91,30,2025-11-10
38,1,91,428,12,2025-11-26
39,1,47,144,30,2025-10-17
40,1,74,387,46,2025-01-21
41,1,94,452,42,2025-01-29
42,1,77,370,18,2025-09-12
43,1,287,32,14,2025-03-13
44,1,61,77,16,2025-09-25
45,1,78,83,25,2025-02-17
46,1,64,386,33,2025-07-02
47,1,235,173,15,2025-07-31
48,1,230,175,14,2025-09-10
49,1,112,205,44,2025-02-01
50,1,232,268,36,2025-11-25
51,1,181,404,35,2025-12-22
52,1,145,79,45,2025-02-15
53,1,240,416,23,2025-08-18
54,1,76,81,17,2026-01-26
55,1,298,466,26,2025-04-27
56,1,279,122,13,2025-11-27
57,1,98,349,45,2025-01-13
58,1,93,26,24,2025-09-03
59,1,193,21,12,2025-04-23
60,1,26,388,24,2025-03-20
61,1,233,488,18,2025-09-14
62,1,60,163,30,2025-07-18
63,1,7,387,50,2025-12-10
64,1,186,202,11,2025-09-19
65,1,174,391,28,2025-09-10
66,1,31,12,36,2025-10-09
67,1,23,34,12,2025-04-13
68,1,257,301,12,2025-04-17
69,1,57,117,47,2025-09-09
70,1,187,3,32,2025-12-26
71,1,109,41,47,2025-07-08
72,1,127,260,20,2025-07-23
73,1,231,108,19,2025-10-02
74,1,194,3,50,2026-01-17
75,1,130,318,28,2025-05-17
76,1,283,284,33,2025-09-19
77,1,83,198,20,2025-04-14
78,1,85,386,48,2025-05-12
79,1,67,171,22,2025-06-17
80,1,289,459,26,2025-07-21
81,1,164,61,28,2025-08-20
82,1,155,14,38,2025-11-05
83,1,20,495,42,2026-01-30
84,1,125,207,23,2025-04-05
85,1,80,57,12,2025-07-18
86,1,115,411,16,2026-01-16
87,1,119,477,23,2025-04-13
88,1,73,388,46,2026-01-12
89,1,16,382,29,2025-12-20
90,1,11,345,23,2025-10-31
91,1,195,418,29,2025-07-04
92,1,102,237,13,2025-11-28
93,1,69,320,24,2025-10-18
94,1,225,455,26,2025-04-22
95,1,38,261,11,2025-06-08
96,1,17,6,23,2025-04-03
97,1,180,440,31,2025-04-16
98,1,148,255,34,2026-01-04
99,1,275,167,39,2025-07-20
100,1,68,308,20,2025-09-09
101,1,229,245,45,2025-11-02
102,1,70,146,25,2025-02-09
103,1,32,315,16,2025-01-01
104,1,184,436,11,2025-11-14
105,1,266,25,10,2025-05-21
106,1,226,476,10,2025-06-05
107,1,141,227,34,2026-01-09
108,1,19,290,20,2025-02-19
109,1,182,27,33,2025-04-21
110,1,97,330,22,2025-08-05
111,1,133,379,33,2025-02-08
112,1,263,143,36,2025-12-01
113,1,87,11,29,2026-01-30
114,1,249,17,17,2025-06-04
115,1,246,72,26,2025-08-22
116,1,117,476,23,2025-03-03
117,1,147,470,50,2026-01-17
118,1,293,487,11,2025-09-01
119,1,198,89,10,2025-02-27
120,1,207,44,25,2025-08-22
121,1,56,445,47,2025-12-22
122,1,173,285,27,2025-05-19
123,1,185,11,46,2025-09-03
124,1,168,32,19,2025-04-21
125,1,140,33,35,2025-12-14
126,1,254,193,11,2025-01-20
127,1,39,254,37,2025-08-27
128,1,126,211,21,2025-01-07
129,1,196,295,12,2025-12-03
130,1,284,32,27,2025-12-30
131,1,138,144,40,2025-04-14
132,1,113,410,27,2025-01-13
133,1,169,343,27,2025-04-07
134,1,118,120,38,2025-01-01
135,1,278,332,12,2025-10-16
136,1,272,427,37,2025-10-14
137,1,156,487,41,2025-04-29
138,1,177,366,13,2025-05-27
139,1,179,186,15,2025-11-03
140,1,3,188,39,2025-08-30
141,1,116,278,20,2025-07-11
142,1,144,337,33,2026-01-07
143,1,178,282,44,2025-03-16
144,1,121,164,50,2025-06-27
145,1,211,208,21,2025-10-25
146,1,261,205,33,2025-08-28
147,1,128,177,28,2025-03-17
148,1,75,416,41,2025-12-12
149,1,30,277,36,2025-07-04
150,1,84,492,37,2025-02-14
151,1,270,308,26,2025-03-12
152,1,108,170,32,2025-11-27
153,1,224,238,38,2026-01-21
154,1,159,276,20,2025-01-22
155,1,281,175,42,2025-11-17
156,1,247,74,48,2025-06-24
157,1,223,276,50,2026-01-17
158,1,66,81,46,2025-03-13
159,1,199,500,23,2025-12-21
160,1,86,202,15,2025-08-03
161,1,214,450,17,2025-09-14
162,1,160,278,12,2025-09-24
163,1,13,53,46,2025-01-03
164,1,36,130,45,2025-12-07
165,1,29,482,20,2026-01-14
166,1,143,116,31,2025-09-08
167,1,285,59,30,2026-01-10
168,1,255,428,33,2025-10-08
169,1,171,479,35,2025-09-25
170,1,52,336,35,2025-04-23
171,1,96,295,32,2026-01-19
172,1,209,208,16,2025-04-26
173,1,248,327,39,2025-03-21
174,1,42,427,22,2026-01-02
175,1,90,0,42,2025-02-25
176,1,245,253,19,2025-02-06
177,1,137,355,29,2025-05-04
178,1,27,386,35,2025-06-05
179,1,294,422,23,2025-10-05
180,1,142,326,16,2025-04-08
181,1,201,12,11,2025-01-16
182,1,1,151,17,2025-04-17
183,1,269,95,14,2025-02-04
184,1,273,129,38,2025-03-02
185,1,101,216,32,2025-12-05
186,1,260,206,10,2025-12-24
187,1,256,305,29,2025-06-25
188,1,172,198,33,2025-04-17
189,1,99,155,37,2025-11-14
190,1,37,301,40,2025-11-22
191,1,62,314,47,2025-01-22
192,1,151,347,41,2025-01-17
193,1,237,255,30,2025-06-29
194,1,203,15,26,2025-12-25
195,1,243,242,34,2026-01-21
196,1,12,275,16,2025-08-05
197,1,297,352,47,2025-11-14
198,2,249,485,41,2025-01-14
199,2,199,194,12,2025-09-07
200,2,165,388,15,2025-09-01
201,2,72,129,44,2025-02-17
202,2,133,42,25,2026-01-06
203,2,259,425,50,2025-02-18
204,2,189,232,34,2026-01-19
205,2,3,172,25,2025-11-06
206,2,272,240,12,2025-06-15
207,2,78,158,45,2026-02-02
208,2,296,360,38,2025-04-21
209,2,245,314,36,2025-02-18
210,2,110,5,18,2025-10-31
211,2,112,441,11,2025-09-17
212,2,138,227,14,2025-09-15
213,2,148,92,39,2025-05-21
214,2,210,356,46,2025-07-18
215,2,102,410,44,2025-12-01
216,2,205,370,13,2025-05-10
217,2,184,299,17,2025-12-24
218,2,121,264,41,2025-03-31
219,2,200,461,38,2025-05-31
220,2,230,437,20,2025-01-21
221,2,299,148,48,2025-06-19
222,2,295,218,17,2025-12-18
223,2,198,79,14,2025-04-12
224,2,42,246,41,2025-05-08
225,2,211,2,34,2026-02-02
226,2,269,381,21,2026-01-31
227,2,107,192,12,2025-06-04
228,2,11,93,24,2025-06-24
229,2,146,443,47,2025-09-10
230,2,38,117,38,2025-12-25
231,2,187,485,17,2025-02-21
232,2,149,84,18,2025-03-09
233,2,182,379,48,2025-10-16
234,2,45,12,38,2025-09-12
235,2,88,187,37,2025-01-11
236,2,56,362,43,2025-12-22
237,2,83,188,50,2025-10-06
238,2,111,54,36,2025-08-31
239,2,290,17,27,2025-08-12
240,2,195,285,37,2025-02-04
241,2,203,33,15,2025-05-15
242,2,132,449,32,2025-09-01
243,2,206,205,42,2025-05-05
244,2,31,464,18,2025-03-03
245,2,14,12,20,2025-02-14
246,2,28,292,21,2025-12-07
247,2,162,100,38,2025-12-04
248,2,9,279,33,2025-10-13
249,2,212,134,40,2025-02-04
250,2,231,497,21,2025-10-26
251,2,41,211,17,2025-10-14
252,2,71,20,24,2025-04-14
253,2,261,75,29,2025-03-10
254,2,77,382,35,2025-01-06
255,2,279,190,13,2025-09-19
256,2,59,403,10,2025-02-27
257,2,134,268,27,2025-10-27
258,2,157,271,10,2025-06-05
259,2,25,450,18,2025-06-13
260,2,163,471,25,2025-09-03
261,2,242,410,23,2025-04-07
262,2,130,339,40,2025-09-02
263,2,288,245,23,2025-02-20
264,2,30,88,34,2025-10-11
265,2,265,324,50,2025-10-05
266,2,260,439,14,2025-03-16
267,2,194,341,18,2025-09-19
268,2,202,74,14,2025-09-02
269,2,280,262,14,2025-10-17
270,2,258,84,25,2025-11-17
271,2,141,385,36,2025-11-17
272,2,79,185,24,2025-05-15
273,2,82,208,13,2026-01-21
274,2,228,221,12,2025-06-14
275,2,64,399,35,2025-01-15
276,2,123,98,33,2025-07-20
277,2,73,230,48,2025-04-26
278,2,287,383,18,2025-09-03
279,2,209,314,42,2025-07-28
280,2,21,330,50,2025-03-22
281,2,244,123,48,2025-09-24
282,2,105,147,41,2026-01-31
283,2,75,38,37,2025-11-04
284,2,213,15,36,2025-02-03
285,2,68,287,15,2025-12-27
286,2,7,456,19,2026-01-31
287,2,243,328,12,2025-07-09
288,2,136,142,35,2025-05-24
289,2,236,237,31,2025-06-05
290,2,273,428,44,2025-11-06
291,2,156,167,29,2025-08-29
292,2,207,261,41,2025-07-17
293,2,178,387,47,2025-12-22
294,2,81,286,48,2025-11-03
295,2,87,338,46,2025-03-12
296,2,183,240,31,2025-02-16
297,2,160,354,41,2025-06-25
298,2,294,272,43,2025-11-12
299,2,278,323,14,2025-05-09
300,2,270,322,27,2025-05-19
301,2,271,447,28,2025-11-01
302,2,263,262,24,2025-06-10
303,2,44,474,30,2025-05-03
304,2,235,289,22,2025-06-28
305,2,74,497,29,2025-04-09
306,2,40,422,31,2025-09-23
307,2,164,346,36,2025-05-23
308,2,241,135,48,2025-08-06
309,2,67,342,22,2026-01-29
310,2,169,313,18,2026-01-30
311,2,237,352,28,2025-04-08
312,2,43,351,33,2025-12-31
313,2,225,277,45,2025-06-14
314,2,61,104,39,2025-10-25
315,2,119,266,21,2025-03-02
316,2,281,370,28,2025-11-23
317,2,291,126,23,2025-11-03
318,2,251,404,50,2025-06-22
319,2,12,93,41,2025-07-11
320,2,131,125,35,2025-09-05
321,2,84,367,27,2025-10-18
322,2,91,235,44,2025-06-24
323,2,229,74,26,2025-11-07
324,2,214,36,26,2025-03-05
325,2,113,494,34,2025-10-09
326,2,2,201,10,2025-02-04
327,2,80,96,26,2025-09-11
328,2,24,232,45,2025-10-26
329,2,159,420,27,2025-09-19
330,2,292,290,36,2025-04-12
331,2,139,136,13,2025-08-07
332,2,193,321,41,2025-11-01
333,2,166,55,40,2025-08-12
334,2,167,198,30,2025-03-03
335,2,185,71,21,2025-03-04
336,2,219,185,13,2025-01-22
337,2,10,433,14,2025-05-23
338,2,175,55,45,2025-10-02
339,2,208,137,18,2025-02-19
340,2,33,473,37,2025-04-15
341,2,100,20,46,2025-01-31
342,2,257,5,17,2025-06-22
343,2,85,500,49,2026-01-04
344,2,224,141,28,2025-08-09
345,2,197,123,24,2025-04-23
346,2,201,316,48,2025-10-20
347,2,268,384,27,2025-10-10
348,2,29,181,25,2025-03-19
349,2,216,11,45,2025-10-27
350,2,227,162,24,2025-03-29
351,2,154,412,34,2025-04-15
352,2,76,277,49,2025-01-09
353,2,93,488,20,2025-02-16
354,2,22,292,49,2025-05-19
355,2,69,414,41,2025-03-05
356,2,16,48,25,2025-07-28
357,2,171,113,25,2025-08-24
358,2,177,312,20,2025-03-30
359,2,89,469,24,2025-05-24
360,2,48,54,10,2025-05-03
361,2,118,343,29,2025-08-11
362,3,244,440,48,2025-07-17
363,3,193,228,23,2025-04-29
364,3,239,51,15,2025-07-29
365,3,299,364,38,2025-08-15
366,3,274,76,34,2025-11-11
367,3,71,384,34,2025-01-12
368,3,100,277,27,2025-04-16
369,3,219,451,41,2025-08-12
370,3,139,404,43,2025-06-25
371,3,31,164,11,2025-09-13
372,3,196,259,49,2025-07-18
373,3,238,429,38,2025-11-07
374,3,265,105,33,2025-03-15
375,3,104,360,14,2025-11-04
376,3,195,428,34,2025-03-28
377,3,87,403,35,2025-04-17
378,3,166,111,30,2025-06-30
379,3,37,207,27,2025-05-08
380,3,40,366,28,2025-04-29
381,3,181,194,48,2025-08-29
382,3,9,491,11,2025-12-18
383,3,170,478,46,2025-05-05
384,3,222,330,14,2025-08-20
385,3,97,365,11,2025-07-19
386,3,261,292,32,2025-07-04
387,3,13,195,11,2025-09-09
388,3,198,223,38,2025-08-06
389,3,62,45,37,2025-05-11
390,3,76,178,24,2025-05-18
391,3,225,187,26,2025-09-03
392,3,180,80,20,2025-04-23
393,3,108,437,47,2025-11-27
394,3,64,264,48,2025-09-29
395,3,121,414,22,2025-01-19
396,3,209,195,33,2025-01-25
397,3,175,389,24,2025-02-16
398,3,68,362,20,2025-02-17
399,3,295,315,45,2025-01-26
400,3,138,128,15,2025-09-26
401,3,18,477,26,2025-08-20
402,3,232,76,28,2025-03-14
403,3,206,439,37,2025-05-23
404,3,7,445,21,2025-04-28
405,3,188,209,29,2025-03-27
406,3,262,266,14,2025-04-29
407,3,249,446,15,2025-11-14
408,3,2,26,46,2025-12-02
409,3,24,400,21,2025-05-28
410,3,111,280,40,2025-08-05
411,3,183,458,20,2025-05-01
412,3,263,8,22,2025-11-05
413,3,93,364,14,2025-02-04
414,3,258,395,16,2025-05-18
415,3,125,418,21,2025-10-01
416,3,114,63,39,2025-10-11
417,3,15,389,33,2026-01-06
418,3,131,91,19,2025-10-01
419,3,300,477,21,2025-05-06
420,3,73,402,10,2025-06-16
421,3,294,437,20,2026-01-28
422,3,293,139,42,2025-01-11
423,3,36,256,42,2025-01-30
424,3,130,201,18,2025-03-27
425,3,237,24,40,2025-03-21
426,3,116,433,18,2025-05-04
427,3,48,441,48,2025-07-08
428,3,279,293,27,2025-08-25
429,3,96,125,39,2025-03-31
430,3,250,363,17,2026-01-01
431,3,221,127,20,2025-11-24
432,3,256,310,12,2025-02-04
433,3,45,193,18,2025-01-01
434,3,49,147,39,2025-09-28
435,3,162,409,41,2025-12-13
436,3,268,386,35,2025-10-09
437,3,150,277,35,2025-09-26
438,3,257,238,43,2025-07-01
439,3,171,402,48,2025-10-23
440,3,297,367,35,2026-01-20
441,3,189,128,43,2025-07-28
442,3,22,85,42,2025-09-13
443,3,89,64,12,2025-04-16
444,3,42,0,48,2025-07-08
445,3,135,431,29,2025-03-01
446,3,124,309,36,2025-07-15
447,3,21,192,29,2025-07-11
448,3,290,12,30,2025-09-07
449,3,283,101,11,2025-04-21
450,3,61,222,50,2026-01-20
451,3,137,75,38,2025-10-30
452,3,248,404,18,2025-11-29
453,3,187,406,29,2025-07-22
454,3,94,125,19,2025-01-09
455,3,67,461,24,2025-08-13
456,3,25,129,41,2025-07-24
457,3,120,238,39,2025-07-10
458,3,231,451,23,2025-08-26
459,3,235,66,36,2025-01-27
460,3,236,125,19,2025-11-24
461,3,243,472,16,2025-06-01
462,3,127,191,13,2025-06-29
463,3,158,238,34,2025-12-01
464,3,269,446,37,2025-02-09
465,3,179,306,28,2025-07-01
466,3,271,420,42,2025-10-10
467,3,140,244,12,2025-09-03
468,3,43,34,32,2025-06-19
469,3,107,99,29,2025-09-17
470,3,77,84,10,2025-02-21
471,3,214,74,45,2025-05-19
472,3,172,30,11,2025-09-18
473,3,228,111,50,2025-09-24
474,3,272,190,11,2025-08-18
475,3,69,206,31,2025-11-10
476,3,88,235,32,2025-11-15
477,3,84,167,28,2025-07-08
478,3,128,26,43,2025-10-27
479,3,245,63,38,2026-01-24
480,3,17,249,37,2026-01-26
481,3,247,263,12,2025-12-08
482,3,240,399,45,2026-01-09
483,3,163,383,46,2025-09-17
484,3,29,34,19,2025-07-13
485,3,285,169,38,2026-01-10
486,3,81,369,50,2025-05-17
487,3,259,73,19,2026-01-26
488,3,106,468,22,2025-02-17
489,3,199,315,34,2025-05-22
490,3,211,201,24,2025-01-22
491,3,281,22,29,2025-01-07
492,3,52,488,18,2025-04-10
493,3,298,214,46,2025-04-10
494,3,79,213,19,2025-08-07
495,3,291,280,46,2025-05-11
496,3,210,469,23,2025-01-01
497,3,184,33,20,2025-01-20
498,3,151,135,40,2025-02-03
499,3,38,112,39,2025-03-26
500,3,103,473,41,2025-02-28
501,3,75,40,39,2025-06-25
502,3,66,315,33,2025-08-29
503,3,142,489,26,2025-10-23
504,3,168,285,45,2026-01-15
505,3,207,169,50,2025-12-07
506,3,112,167,43,2025-03-21
507,3,169,341,47,2025-09-24
508,3,57,349,27,2025-11-01
509,3,176,398,25,2025-04-26
510,3,253,417,11,2025-08-11
511,3,246,247,27,2025-06-18
512,3,50,481,42,2025-06-03
513,3,123,255,35,2025-01-27
514,3,174,487,47,2025-06-03
515,3,208,410,26,2025-02-24
516,3,154,421,19,2025-10-12
517,3,289,114,24,2025-05-08
518,3,72,237,19,2025-02-20
519,3,230,357,44,2025-09-16
520,3,234,185,36,2026-01-16
521,3,34,204,36,2025-10-18
522,3,32,169,29,2025-02-11
523,3,113,124,20,2025-11-16
524,3,4,246,14,2026-02-01
525,3,51,160,13,2025-08-12
526,3,255,207,37,2025-03-20
527,3,110,212,40,2025-01-16
528,3,78,170,33,2025-03-02
529,3,223,157,25,2025-09-07
530,3,226,450,41,2025-07-22
531,3,83,301,23,2025-07-27
532,3,165,220,25,2025-05-27
533,3,53,124,49,2025-03-26
534,3,23,172,20,2025-11-03
535,3,251,167,47,2025-07-12
536,3,241,436,15,2025-02-21
537,3,133,42,15,2026-01-13
538,3,95,4,19,2025-10-04
539,3,6,219,41,2025-02-17
540,3,55,478,19,2025-01-27
541,3,270,1,40,2025-04-01
542,3,129,16,18,2025-05-30
543,3,99,431,33,2025-12-14
544,3,105,351,32,2025-12-08
545,3,98,292,15,2025-01-21
546,3,218,84,29,2025-06-19
547,3,216,51,12,2025-10-26
548,3,27,42,12,2025-11-11
549,3,59,0,22,2025-03-29
550,3,86,459,35,2025-09-09
551,3,63,55,27,2025-10-31
552,3,26,149,49,2025-09-27
553,3,85,36,49,2025-05-26
554,3,11,70,14,2025-08-25
555,3,177,310,26,2025-03-22
556,4,280,397,42,2025-02-19
557,4,156,254,48,2025-04-25
558,4,114,352,28,2025-01-17
559,4,88,201,31,2025-12-07
560,4,147,83,40,2025-08-20
561,4,211,183,42,2025-06-06
562,4,208,150,35,2025-08-03
563,4,241,413,25,2025-06-08
564,4,233,341,30,2025-04-18
565,4,279,123,39,2025-03-18
566,4,3,360,19,2025-01-19
567,4,294,40,13,2025-10-28
568,4,45,448,17,2025-03-17
569,4,271,55,38,2025-03-06
570,4,121,76,14,2025-05-25
571,4,56,394,31,2025-12-19
572,4,288,163,47,2025-05-03
573,4,80,367,40,2025-08-11
574,4,187,209,17,2025-11-26
575,4,270,342,45,2026-01-09
576,4,106,300,29,2025-12-30
577,4,48,107,40,2025-12-02
578,4,8,17,33,2025-03-22
579,4,16,200,22,2025-06-26
580,4,230,33,13,2025-01-17
581,4,295,430,26,2025-07-19
582,4,61,95,41,2025-08-26
583,4,50,337,35,2025-12-30
584,4,265,441,30,2025-08-19
585,4,19,68,30,2026-01-17
586,4,102,494,37,2025-12-04
587,4,205,161,46,2025-12-25
588,4,119,94,10,2025-03-26
589,4,186,488,26,2025-08-01
590,4,85,47,41,2025-06-21
591,4,169,75,12,2025-03-13
592,4,103,122,42,2025-11-06
593,4,283,253,27,2025-04-14
594,4,81,369,21,2025-08-02
595,4,266,19,10,2025-11-20
596,4,59,184,31,2025-11-11
597,4,77,190,31,2025-01-02
598,4,79,53,40,2026-01-31
599,4,28,422,42,2025-04-14
600,4,71,108,19,2025-06-20
601,4,22,348,42,2025-05-21
602,4,58,271,35,2025-09-28
603,4,98,302,49,2025-11-10
604,4,159,100,37,2026-01-30
605,4,116,486,12,2025-08-21
606,4,128,493,47,2025-10-08
607,4,268,148,44,2026-01-22
608,4,171,233,12,2025-05-26
609,4,24,170,11,2025-07-28
610,4,201,301,50,2025-02-02
611,4,99,242,36,2025-08-26
612,4,44,468,48,2025-10-20
613,4,110,118,30,2025-10-30
614,4,239,114,38,2025-05-16
615,4,224,153,12,2025-04-28
616,4,34,342,47,2025-05-11
617,4,249,202,26,2025-01-03
618,4,18,271,24,2025-01-21
619,4,7,113,38,2025-05-03
620,4,2,203,10,2025-08-09
621,4,129,24,14,2025-05-21
622,4,25,274,44,2025-08-02
623,4,244,8,42,2026-01-11
624,4,204,406,50,2025-06-06
625,4,258,393,48,2025-12-06
626,4,177,26,41,2025-10-25
627,4,232,109,44,2025-12-05
628,4,52,282,28,2026-02-04
629,4,131,59,25,2025-07-19
630,4,122,287,31,2025-04-01
631,4,176,279,22,2025-01-08
632,4,240,350,37,2025-02-10
633,4,184,168,25,2025-09-03
634,4,250,10,16,2025-03-08
635,4,192,476,26,2025-03-28
636,4,96,336,28,2025-12-10
637,4,55,131,36,2025-03-24
638,4,87,463,37,2025-04-15
639,4,180,373,20,2025-07-05
640,4,91,49,28,2025-06-08
641,4,57,277,45,2025-11-24
642,4,54,35,14,2025-03-21
643,4,221,447,17,2025-01-02
644,4,21,488,25,2025-02-03
645,4,296,398,27,2025-04-02
646,4,217,58,38,2025-06-22
647,4,126,62,42,2026-01-28
648,4,196,427,44,2025-08-27
649,4,158,261,17,2025-09-04
650,4,41,342,49,2025-05-23
651,4,191,402,15,2025-07-02
652,4,199,403,15,2025-06-30
653,4,29,90,34,2025-04-07
654,4,51,279,26,2026-01-07
655,4,238,9,49,2026-01-28
656,4,287,44,14,2025-03-25
657,4,92,74,31,2025-03-24
658,4,127,267,44,2025-04-10
659,4,37,245,50,2025-06-29
660,4,144,15,31,2025-07-19
661,4,260,405,37,2025-02-23
662,4,100,413,42,2026-02-02
663,4,108,415,35,2025-04-19
664,4,149,85,22,2025-11-14
665,4,170,326,40,2026-02-01
666,4,206,300,14,2026-01-17
667,4,251,116,41,2025-10-13
668,4,167,394,39,2025-07-18
669,4,235,164,33,2025-04-12
670,4,193,460,12,2025-01-19
671,4,82,231,22,2025-01-02
672,4,197,292,32,2025-01-09
673,4,264,340,33,2025-11-29
674,4,299,173,36,2026-01-19
675,4,124,428,10,2025-06-11
676,4,12,441,39,2025-02-13
677,4,107,68,16,2025-11-01
678,4,46,266,45,2026-01-28
679,4,261,59,47,2025-03-11
680,4,185,242,41,2025-10-11
681,4,181,282,31,2025-03-03
682,4,190,319,12,2025-11-23
683,4,282,162,25,2025-06-09
684,4,214,274,37,2025-05-31
685,4,174,19,16,2025-01-29
686,4,226,480,29,2025-12-07
687,4,209,493,18,2025-12-23
688,4,285,132,34,2025-03-20
689,4,27,143,31,2025-07-30
690,4,43,38,43,2025-07-06
691,4,272,38,41,2025-06-07
692,4,284,378,29,2025-07-28
693,4,115,11,11,2025-05-26
694,4,231,167,21,2025-12-31
695,4,245,47,18,2025-09-26
696,4,219,308,48,2025-02-21
697,4,68,185,17,2025-02-18
698,4,148,499,26,2026-01-29
699,4,160,170,30,2025-03-05
700,4,136,93,46,2025-04-19
701,4,246,298,15,2025-04-29
702,4,109,25,27,2025-06-09
703,4,263,430,45,2026-01-22
704,4,141,277,15,2025-12-31
705,4,281,281,46,2025-12-20
706,4,269,279,29,2025-10-10
707,4,257,336,29,2025-02-21
708,4,74,458,35,2026-01-21
709,4,200,476,12,2025-06-09
710,4,202,470,36,2025-02-17
711,4,253,336,31,2025-05-18
712,4,66,379,13,2025-03-12
713,4,86,35,16,2025-10-29
714,4,222,2,16,2025-09-02
715,4,164,21,40,2025-07-04
716,4,182,207,44,2025-02-24
717,4,234,135,20,2025-10-30
718,4,183,481,45,2025-05-07
719,4,155,41,31,2025-03-28
720,4,33,94,46,2025-12-25
721,4,157,443,16,2025-11-19
722,4,111,415,11,2025-08-29
723,4,15,111,18,2025-03-28
724,4,274,377,42,2025-05-03
725,4,135,208,10,2025-12-15
726,4,67,267,27,2025-10-23
727,4,256,406,22,2025-09-10
728,4,189,280,25,2025-01-31
729,4,175,220,23,2025-11-10
730,4,227,341,34,2025-04-09
731,4,53,422,43,2025-05-30
732,4,145,176,18,2025-07-27
733,4,153,498,47,2025-07-30
734,4,236,466,47,2025-05-28
735,4,242,137,25,2025-11-12
736,4,23,438,17,2025-12-28
737,4,97,215,26,2025-11-28
738,4,166,309,41,2025-01-01
739,4,125,500,17,2025-07-27
740,4,179,302,22,2026-01-18
741,4,32,129,18,2025-10-23
742,4,207,94,47,2025-03-03
743,4,104,495,25,2025-03-09
744,4,39,364,12,2025-04-29
745,4,210,127,12,2026-01-10
746,4,216,36,35,2025-03-10
747,4,146,494,23,2025-05-22
748,4,195,491,17,2025-10-22
749,4,42,1,23,2026-01-03
750,4,89,56,10,2025-07-31
751,4,132,54,31,2025-04-16
752,4,228,228,19,2025-03-17
753,4,154,370,17,2025-07-08
754,4,267,166,36,2025-07-13
755,4,123,337,43,2025-12-15
756,4,83,140,38,2025-12-06
757,4,252,103,50,2025-03-16
758,5,125,199,32,2025-04-07
759,5,213,445,25,2025-09-08
760,5,200,250,27,2025-08-12
761,5,285,25,26,2025-01-02
762,5,160,221,39,2025-03-23
763,5,28,31,13,2026-01-19
764,5,219,234,43,2025-05-29
765,5,265,104,36,2025-02-26
766,5,121,451,28,2025-03-14
767,5,266,145,27,2025-04-01
768,5,228,218,10,2025-08-31
769,5,126,402,43,2025-02-03
770,5,94,300,39,2025-06-28
771,5,6,155,24,2025-08-19
772,5,140,102,27,2025-09-02
773,5,191,493,34,2025-05-19
774,5,169,82,40,2025-04-23
775,5,216,224,18,2025-01-09
776,5,171,399,25,2025-11-27
777,5,68,248,34,2025-04-23
778,5,84,485,45,2025-09-18
779,5,123,328,19,2025-02-26
780,5,93,137,33,2025-09-25
781,5,91,130,16,2025-05-20
782,5,193,441,43,2025-06-08
783,5,124,382,35,2025-01-11
784,5,38,32,46,2025-02-24
785,5,278,123,28,2025-05-10
786,5,63,414,25,2026-01-23
787,5,212,490,45,2025-11-11
788,5,185,294,43,2025-04-04
789,5,300,321,41,2025-09-28
790,5,230,1,19,2025-01-11
791,5,77,167,45,2025-08-03
792,5,127,290,31,2025-01-01
793,5,281,246,22,2025-04-06
794,5,205,55,29,2026-01-05
795,5,1,391,37,2025-05-09
796,5,5,356,27,2025-10-28
797,5,260,102,50,2025-07-25
798,5,52,342,48,2025-10-17
799,5,245,288,32,2025-02-19
800,5,273,194,40,2025-11-16
801,5,157,100,25,2025-06-16
802,5,183,23,31,2025-07-02
803,5,297,241,25,2025-09-30
804,5,192,170,41,2025-04-27
805,5,50,220,45,2025-01-09
806,5,137,353,14,2025-02-22
807,5,177,289,18,2025-04-29
808,5,187,210,12,2025-04-15
809,5,155,239,36,2025-10-01
810,5,225,378,14,2025-02-22
811,5,261,348,45,2025-08-14
812,5,294,367,18,2025-04-24
813,5,142,377,23,2025-04-22
814,5,58,189,16,2025-01-19
815,5,163,131,10,2025-10-28
816,5,65,209,17,2025-05-24
817,5,254,329,47,2025-08-19
818,5,30,457,23,2025-02-17
819,5,210,174,25,2025-11-10
820,5,66,60,15,2025-05-09
821,5,217,405,48,2025-10-02
822,5,135,382,50,2026-01-25
823,5,176,123,12,2025-09-01
824,5,293,352,27,2025-10-05
825,5,274,85,10,2025-09-08
826,5,13,418,23,2025-07-30
827,5,116,454,31,2025-02-21
828,5,227,45,42,2025-10-26
829,5,270,117,46,2025-05-23
830,5,243,0,37,2025-12-23
831,5,133,178,32,2026-01-21
832,5,156,231,45,2025-12-23
833,5,43,84,11,2026-01-14
834,5,220,49,50,2025-10-20
835,5,3,10,27,2025-04-09
836,5,45,88,20,2025-04-30
837,5,60,377,12,2026-01-11
838,5,291,91,22,2025-04-18
839,5,198,101,18,2025-06-01
840,5,283,235,13,2025-12-05
841,5,143,230,24,2025-11-13
842,5,90,68,12,2025-03-02
843,5,18,371,23,2025-07-07
844,5,271,321,29,2025-12-18
845,5,179,221,19,2025-12-19
846,5,268,32,20,2025-08-31
847,5,211,193,10,2025-03-29
848,5,203,191,12,2025-09-30
849,5,48,89,36,2025-02-25
850,5,275,43,20,2025-04-19
851,5,286,37,19,2025-08-01
852,5,79,55,37,2025-04-28
853,5,235,358,20,2025-05-17
854,5,276,365,43,2026-01-01
855,5,289,284,43,2025-10-30
856,5,221,460,47,2025-06-18
857,5,144,453,38,2025-03-22
858,5,23,424,48,2025-09-30
859,5,136,338,46,2025-04-21
860,5,71,488,38,2025-08-06
861,5,16,88,49,2025-08-16
862,5,10,142,30,2025-05-14
863,5,32,310,23,2026-01-11
864,5,132,408,11,2025-04-11
865,5,110,207,28,2025-07-12
866,5,105,395,44,2025-08-27
867,5,296,474,15,2025-10-25
868,5,253,59,18,2025-01-28
869,5,15,117,44,2025-02-27
870,5,190,286,40,2025-07-22
871,5,89,465,47,2025-12-31
872,5,267,377,18,2025-01-28
873,5,159,265,21,2025-10-03
874,5,72,448,24,2025-03-06
875,5,218,123,13,2025-09-18
876,5,208,439,48,2025-10-06
877,5,118,452,14,2025-05-04
878,5,139,275,45,2025-02-12
879,5,204,173,43,2025-10-03
880,5,246,47,26,2025-05-14
881,5,21,170,45,2025-03-11
882,5,95,423,21,2025-01-23
883,5,295,218,41,2025-04-16
884,5,83,71,24,2025-12-24
885,5,282,325,15,2025-09-23
886,5,80,75,49,2025-08-15
887,5,62,36,37,2026-01-05
888,5,141,324,44,2025-02-11
889,5,47,377,30,2025-08-24
890,5,167,84,27,2025-06-22
891,5,199,15,12,2026-01-27
892,5,74,5,11,2026-02-01
893,5,207,340,11,2026-01-06
894,5,49,15,15,2025-06-15
895,5,44,84,50,2025-10-27
896,5,101,41,15,2025-12-19
897,5,19,97,40,2025-02-20
898,5,232,224,44,2025-11-28
899,5,196,190,13,2025-11-19
900,5,102,383,48,2025-01-14
901,5,252,368,19,2025-06-30
902,5,131,160,34,2025-12-11
903,5,35,58,42,2025-11-27
904,6,36,385,28,2025-05-14
905,6,42,81,15,2025-10-07
906,6,293,416,19,2025-11-04
907,6,127,342,46,2025-10-04
908,6,112,244,28,2025-09-09
909,6,43,267,14,2025-03-19
910,6,152,89,28,2025-09-14
911,6,266,318,12,2025-06-10
912,6,102,194,40,2025-01-21
913,6,282,259,37,2025-08-28
914,6,51,13,12,2025-11-03
915,6,149,25,10,2025-12-05
916,6,180,133,25,2025-07-13
917,6,141,176,50,2025-06-24
918,6,223,45,33,2026-01-06
919,6,276,264,27,2025-09-29
920,6,172,76,35,2025-07-13
921,6,122,288,17,2025-05-01
922,6,110,211,19,2025-05-18
923,6,103,261,24,2025-06-14
924,6,250,189,13,2025-07-07
925,6,66,158,20,2025-10-23
926,6,85,192,12,2025-10-10
927,6,83,365,12,2025-11-17
928,6,229,240,13,2025-07-28
929,6,10,106,25,2025-07-30
930,6,268,308,49,2025-10-13
931,6,171,235,49,2025-07-01
932,6,245,402,11,2026-01-31
933,6,190,319,50,2025-09-27
934,6,41,94,18,2025-02-03
935,6,16,31,27,2025-01-25
936,6,154,475,17,2025-07-20
937,6,201,129,43,2025-03-05
938,6,288,455,45,2025-09-28
939,6,55,378,10,2025-05-14
940,6,235,320,26,2025-11-26
941,6,95,90,45,2025-08-31
942,6,86,255,25,2025-09-22
943,6,65,0,34,2026-01-03
944,6,49,391,22,2025-09-28
945,6,255,331,14,2025-07-24
946,6,189,137,25,2025-03-21
947,6,144,344,14,2025-03-14
948,6,131,356,35,2025-11-13
949,6,162,347,28,2026-01-07
950,6,199,87,43,2025-10-20
951,6,289,330,29,2025-07-28
952,6,73,152,20,2025-01-11
953,6,52,124,36,2026-01-23
954,6,30,367,18,2025-07-08
955,6,219,369,43,2025-08-09
956,6,135,109,16,2025-06-08
957,6,194,491,26,2025-02-12
958,6,173,236,12,2025-07-19
959,6,183,149,50,2025-07-19
960,6,11,80,32,2026-01-20
961,6,87,191,28,2025-01-22
962,6,234,95,35,2025-04-28
963,6,187,369,33,2025-06-24
964,6,237,278,21,2025-05-31
965,6,78,98,11,2025-12-09
966,6,291,43,40,2025-07-13
967,6,128,157,36,2025-05-24
968,6,244,441,28,2025-09-20
969,6,76,294,43,2025-09-16
970,6,238,469,11,2026-01-31
971,6,106,115,16,2025-07-08
972,6,294,123,45,2025-12-24
973,6,252,256,43,2025-04-02
974,6,204,425,27,2025-06-19
975,6,174,371,18,2025-08-27
976,6,284,312,13,2025-12-11
977,6,285,352,31,2025-01-20
978,6,258,148,50,2025-01-30
979,6,121,436,28,2025-05-03
980,6,157,104,23,2025-04-17
981,6,247,496,32,2025-04-10
982,6,44,424,43,2025-05-12
983,6,132,300,30,2025-12-29
984,6,175,62,35,2026-01-08
985,6,71,113,19,2025-02-22
986,6,153,46,16,2025-12-31
987,6,228,307,39,2025-09-27
988,6,94,238,17,2025-10-06
989,6,143,24,48,2025-04-12
990,6,8,123,47,2025-02-16
991,6,53,323,22,2025-09-10
992,6,161,110,18,2025-07-27
993,6,211,329,30,2025-04-26
994,6,182,20,36,2025-01-18
995,6,221,370,14,2025-02-12
996,6,256,470,49,2026-01-25
997,6,126,258,41,2026-01-24
998,6,117,492,30,2025-07-19
999,6,275,48,39,2025-09-14
1000,6,18,439,36,2026-02-03
1001,6,265,282,43,2025-01-05
1002,6,24,5,21,2025-04-17
1003,6,260,420,11,2025-01-16
1004,6,64,300,16,2025-06-21
1005,6,35,398,36,2025-02-27
1006,6,283,281,18,2025-11-02
1007,6,34,268,10,2025-05-06
1008,6,136,352,34,2025-06-20
1009,6,257,241,50,2025-12-26
1010,6,142,254,26,2026-01-09
1011,6,1,145,48,2025-03-03
1012,6,278,491,36,2025-01-02
1013,6,69,451,49,2025-12-15
1014,6,57,109,35,2025-07-08
1015,6,19,312,32,2025-03-10
1016,6,225,453,13,2025-02-09
1017,6,129,159,48,2025-02-06
1018,6,217,413,17,2025-09-27
1019,6,101,327,46,2025-05-27
1020,6,222,55,44,2025-05-30
1021,6,290,115,24,2025-07-23
1022,6,21,271,40,2025-06-25
1023,6,236,429,11,2025-10-28
1024,6,220,71,36,2025-04-10
1025,6,232,87,20,2025-04-21
1026,6,108,310,48,2025-09-16
1027,6,242,75,14,2025-05-03
1028,6,233,231,27,2025-06-21
1029,6,27,172,36,2025-02-09
1030,6,202,47,26,2025-01-19
1031,6,193,356,28,2025-03-08
1032,6,84,266,44,2025-07-28
1033,6,130,481,12,2025-07-07
1034,6,32,322,11,2026-02-03
1035,6,116,405,31,2025-05-02
1036,6,75,252,35,2025-08-08
1037,6,140,222,12,2025-09-23
1038,6,119,355,16,2025-03-01
1039,6,15,382,18,2025-08-07
1040,6,184,399,11,2025-01-22
1041,6,286,483,22,2025-01-29
1042,6,4,266,23,2025-07-04
1043,6,164,199,35,2025-11-08
1044,6,26,45,11,2025-07-17
1045,6,200,78,39,2025-02-07
1046,6,167,164,23,2025-02-21
1047,6,111,487,21,2026-01-29
1048,6,134,111,26,2025-06-24
1049,6,295,182,13,2025-08-09
1050,6,139,260,45,2025-04-04
1051,6,151,223,46,2025-02-25
1052,6,203,248,50,2025-09-06
1053,6,125,217,45,2025-11-26
1054,6,270,462,19,2025-11-15
1055,6,14,107,43,2025-05-16
1056,6,50,148,12,2025-03-01
1057,6,274,123,29,2025-10-11
1058,6,165,2,43,2025-08-18
1059,6,118,399,22,2025-06-25
1060,6,196,152,25,2025-09-02
1061,7,156,467,45,2026-01-13
1062,7,216,457,43,2025-03-11
1063,7,231,208,12,2025-04-19
1064,7,88,119,33,2025-11-11
1065,7,128,370,17,2025-01-28
1066,7,75,52,33,2025-08-20
1067,7,275,353,11,2025-11-07
1068,7,212,420,13,2025-09-17
1069,7,36,188,46,2025-10-25
1070,7,265,362,14,2025-05-29
1071,7,61,146,46,2025-04-04
1072,7,285,478,11,2026-01-01
1073,7,256,231,26,2025-10-26
1074,7,270,413,20,2025-07-26
1075,7,129,387,48,2025-12-28
1076,7,92,293,49,2025-11-17
1077,7,67,215,49,2025-10-21
1078,7,58,413,34,2026-02-04
1079,7,155,336,28,2025-10-10
1080,7,297,328,48,2026-01-24
1081,7,158,307,39,2025-02-15
1082,7,27,455,43,2025-06-01
1083,7,274,74,44,2025-07-07
1084,7,51,296,34,2025-11-23
1085,7,286,487,46,2025-05-08
1086,7,224,75,31,2025-10-17
1087,7,103,52,28,2025-01-11
1088,7,16,395,42,2025-06-08
1089,7,144,291,49,2025-04-10
1090,7,215,488,21,2025-04-08
1091,7,230,55,21,2026-02-04
1092,7,284,413,24,2025-05-31
1093,7,299,399,19,2026-02-02
1094,7,203,496,37,2025-07-26
1095,7,222,288,45,2025-01-29
1096,7,81,208,49,2025-12-25
1097,7,171,11,45,2025-08-31
1098,7,257,79,35,2025-11-24
1099,7,196,60,39,2026-01-27
1100,7,182,213,11,2025-11-25
1101,7,157,226,21,2026-01-19
1102,7,138,110,29,2025-10-15
1103,7,32,482,24,2025-09-24
1104,7,209,310,24,2025-06-16
1105,7,101,343,48,2025-07-05
1106,7,109,332,25,2025-09-24
1107,7,77,70,45,2026-01-23
1108,7,161,8,28,2025-01-02
1109,7,149,459,32,2025-07-28
1110,7,283,454,17,2025-03-14
1111,7,255,461,46,2025-11-09
1112,7,137,222,31,2025-01-16
1113,7,15,281,19,2025-07-27
1114,7,214,302,32,2025-10-06
1115,7,277,346,19,2025-08-11
1116,7,288,338,27,2025-02-17
1117,7,54,401,45,2025-07-15
1118,7,247,293,34,2025-06-26
1119,7,112,208,50,2025-02-07
1120,7,11,472,23,2025-01-08
1121,7,250,287,40,2025-08-07
1122,7,91,50,19,2026-01-28
1123,7,176,97,43,2025-06-10
1124,7,71,292,31,2026-01-20
1125,7,146,61,26,2025-04-09
1126,7,154,397,27,2025-07-24
1127,7,244,277,19,2025-05-04
1128,7,83,300,29,2025-09-18
1129,7,13,139,50,2025-01-21
1130,7,227,437,11,2025-03-26
1131,7,198,244,24,2025-01-01
1132,7,167,3,42,2025-08-11
1133,7,63,307,35,2025-07-19
1134,7,190,32,13,2025-03-01
1135,7,160,426,34,2025-09-15
1136,7,185,103,14,2025-02-11
1137,7,197,342,22,2025-11-10
1138,7,136,171,11,2025-01-25
1139,7,48,484,14,2025-07-12
1140,7,53,270,13,2025-11-10
1141,7,271,331,27,2025-02-11
1142,7,116,150,50,2025-11-07
1143,7,236,37,30,2025-01-28
1144,7,19,232,36,2026-02-01
1145,7,132,90,50,2025-09-25
1146,7,33,100,47,2025-08-15
1147,7,68,328,36,2025-11-18
1148,7,46,73,13,2026-01-09
1149,7,187,188,24,2025-11-23
1150,7,72,143,27,2025-01-09
1151,7,169,458,41,2025-08-14
1152,7,104,226,48,2025-05-25
1153,7,110,200,20,2025-01-30
1154,7,142,365,38,2025-03-13
1155,7,17,371,35,2026-01-26
1156,7,267,441,36,2025-12-10
1157,7,30,66,48,2025-03-12
1158,7,74,176,11,2025-10-12
1159,7,195,408,15,2026-01-17
1160,7,90,446,41,2026-01-07
1161,7,273,320,40,2025-07-16
1162,7,65,472,13,2025-03-24
1163,7,34,289,48,2025-02-04
1164,7,292,393,26,2025-01-12
1165,7,86,203,43,2025-12-12
1166,7,268,273,26,2025-02-04
1167,7,102,496,22,2025-04-12
1168,7,234,103,39,2025-04-29
1169,7,248,45,18,2025-06-10
1170,7,113,183,20,2025-04-14
1171,7,140,176,35,2025-02-25
1172,7,85,239,44,2025-02-10
1173,7,184,237,10,2025-04-15
1174,7,106,434,20,2025-12-14
1175,7,124,52,15,2025-11-05
1176,7,206,83,10,2025-07-14
1177,7,52,57,24,2026-01-20
1178,7,180,216,25,2025-09-20
1179,7,239,342,30,2025-03-09
1180,7,192,239,41,2025-10-07
1181,7,38,293,32,2025-07-12
1182,7,153,62,22,2025-04-22
1183,7,23,229,14,2025-12-08
1184,7,217,279,28,2025-06-07
1185,7,165,135,47,2025-01-26
1186,7,235,371,20,2025-10-24
1187,7,272,165,13,2025-03-14
1188,7,95,442,35,2025-05-31
1189,7,296,261,12,2025-02-18
1190,7,141,220,27,2025-05-26
1191,7,237,27,25,2025-08-20
1192,7,241,104,26,2025-02-22
1193,7,43,203,40,2025-10-01
1194,7,289,55,19,2025-08-26
1195,7,218,379,41,2025-12-08
1196,7,200,262,20,2025-04-06
1197,7,263,38,10,2025-03-24
1198,7,259,327,15,2025-09-09
1199,7,261,457,47,2025-10-02
1200,7,226,423,21,2025-02-22
1201,7,29,321,22,2025-05-14
1202,7,266,265,36,2025-03-29
1203,7,181,293,44,2025-06-24
1204,7,201,376,41,2026-01-10
1205,7,191,351,48,2025-08-13
1206,7,294,119,37,2025-04-29
1207,7,114,447,44,2025-05-05
1208,7,246,448,17,2025-09-21
1209,7,242,90,44,2025-12-15
1210,7,134,163,36,2025-01-15
1211,7,194,173,24,2025-10-21
1212,7,56,384,38,2026-01-14
1213,7,44,11,41,2025-12-26
1214,7,120,301,44,2026-01-04
1215,7,253,325,37,2025-07-26
1216,7,107,348,17,2025-08-21
1217,7,121,244,13,2025-07-26
1218,7,260,440,41,2025-05-01
1219,7,174,460,35,2025-09-23
1220,7,64,399,19,2025-01-08
1221,7,57,186,10,2025-07-12
1222,7,199,276,19,2025-02-13
1223,7,210,337,20,2025-04-03
1224,7,240,114,50,2025-06-28
1225,7,133,167,20,2025-02-14
1226,7,1,201,33,2025-01-08
1227,7,233,397,31,2025-10-04
1228,7,252,229,16,2025-12-18
1229,7,254,135,35,2025-10-19
1230,7,175,76,14,2025-09-25
1231,7,258,333,21,2025-02-07
1232,7,80,292,18,2025-06-17
1233,7,193,290,35,2025-08-22
1234,7,118,386,48,2025-01-21
1235,7,10,285,47,2025-10-01
1236,7,139,395,27,2025-05-01
1237,7,31,220,49,2025-11-08
1238,7,47,277,28,2025-10-07
1239,7,151,444,11,2025-03-23
1240,7,45,64,12,2025-06-19
1241,7,225,408,12,2025-11-06
1242,7,168,354,24,2025-12-06
1243,7,5,430,44,2025-08-10
1244,7,163,499,48,2026-01-02
1245,7,229,354,26,2025-09-17
1246,7,28,496,28,2025-11-28
1247,7,89,66,29,2025-11-07
1248,7,300,172,49,2025-09-20
1249,7,145,283,50,2025-02-03
1250,7,70,331,15,2025-05-26
1251,7,130,177,38,2025-11-17
1252,7,287,279,42,2025-08-23
1253,7,205,492,12,2025-12-22
1254,7,290,335,38,2025-02-16
1255,7,219,182,21,2025-05-01
1256,7,60,458,44,2025-07-25
1257,7,62,229,34,2025-09-02
1258,7,295,100,44,2026-01-29
1259,7,166,497,21,2025-01-14
1260,7,69,478,49,2025-08-20
1261,7,245,140,34,2026-02-04
1262,7,269,39,49,2025-02-02
1263,7,2,368,50,2025-12-06
1264,7,78,498,39,2025-09-11
1265,7,281,312,44,2025-09-10
1266,8,268,277,19,2025-11-16
1267,8,29,294,37,2025-09-16
1268,8,53,254,19,2025-03-08
1269,8,94,163,43,2025-10-23
1270,8,222,100,41,2026-01-19
1271,8,273,19,44,2025-06-12
1272,8,276,348,43,2025-01-01
1273,8,93,204,21,2025-12-16
1274,8,299,320,25,2025-07-08
1275,8,101,26,27,2025-01-16
1276,8,261,339,33,2026-01-22
1277,8,151,199,34,2026-01-08
1278,8,59,317,31,2025-12-18
1279,8,17,233,46,2025-01-20
1280,8,96,15,17,2025-03-27
1281,8,168,143,44,2025-04-01
1282,8,264,398,31,2025-07-11
1283,8,285,137,26,2025-04-04
1284,8,40,478,43,2025-07-21
1285,8,280,235,47,2025-07-21
1286,8,281,100,18,2025-06-30
1287,8,198,423,49,2025-05-31
1288,8,195,95,50,2025-05-07
1289,8,110,324,18,2025-12-16
1290,8,63,272,46,2025-05-18
1291,8,217,404,35,2025-04-24
1292,8,48,443,22,2025-10-07
1293,8,83,491,46,2025-02-22
1294,8,18,174,35,2025-03-26
1295,8,234,133,15,2025-12-17
1296,8,56,348,30,2025-04-06
1297,8,57,272,31,2026-01-05
1298,8,297,477,40,2025-04-02
1299,8,28,467,31,2025-07-19
1300,8,186,85,46,2025-03-29
1301,8,231,206,47,2025-04-24
1302,8,145,444,24,2025-06-25
1303,8,165,271,48,2026-02-05
1304,8,128,351,33,2025-02-22
1305,8,294,114,42,2025-02-24
1306,8,4,286,35,2025-07-09
1307,8,81,187,11,2025-11-27
1308,8,274,250,43,2025-05-15
1309,8,211,489,34,2025-10-14
1310,8,34,166,11,2025-11-09
1311,8,178,164,41,2026-01-31
1312,8,113,348,28,2025-05-14
1313,8,257,114,10,2025-04-10
1314,8,41,156,50,2025-11-16
1315,8,135,61,42,2025-10-23
1316,8,139,38,17,2025-09-04
1317,8,87,306,40,2025-03-26
1318,8,252,24,22,2025-09-25
1319,8,196,426,31,2025-10-25
1320,8,1,120,27,2025-01-20
1321,8,120,44,33,2025-04-18
1322,8,148,201,29,2025-02-15
1323,8,111,166,28,2025-08-21
1324,8,133,55,30,2025-06-17
1325,8,54,103,16,2025-04-21
1326,8,61,373,21,2025-07-07
1327,8,236,317,23,2025-08-03
1328,8,95,243,43,2025-02-19
1329,8,25,121,37,2025-08-18
1330,8,260,435,30,2025-01-24
1331,8,20,8,49,2025-05-17
1332,8,124,487,19,2025-12-23
1333,8,107,442,16,2025-05-26
1334,8,171,486,15,2025-01-19
1335,8,80,397,32,2025-04-01
1336,8,126,233,34,2025-11-12
1337,8,88,270,17,2025-12-23
1338,8,112,302,43,2025-08-31
1339,8,99,287,13,2025-11-06
1340,8,207,375,18,2026-01-23
1341,8,245,244,10,2025-05-20
1342,8,266,184,18,2025-05-01
1343,8,79,432,42,2025-09-27
1344,8,127,285,32,2025-07-25
1345,8,212,83,18,2025-06-19
1346,8,45,285,37,2025-08-02
1347,8,114,29,30,2026-01-31
1348,8,192,298,42,2025-08-01
1349,8,177,405,38,2025-10-03
1350,8,142,226,27,2025-06-02
1351,8,223,441,20,2025-03-12
1352,8,162,252,31,2025-09-19
1353,8,15,172,27,2025-10-05
1354,8,43,323,31,2026-01-11
1355,8,181,301,37,2025-07-06
1356,8,291,407,30,2025-12-31
1357,8,6,430,49,2025-05-28
1358,8,221,91,42,2025-03-07
1359,8,122,155,49,2025-03-02
1360,8,194,495,15,2025-12-21
1361,8,262,219,31,2025-01-14
1362,8,189,69,10,2025-01-21
1363,8,62,21,19,2025-06-07
1364,8,293,190,50,2025-04-28
1365,8,190,300,24,2025-02-07
1366,8,75,490,25,2025-03-09
1367,8,129,329,17,2025-06-16
1368,8,184,444,30,2025-02-05
1369,8,251,106,10,2025-06-15
1370,8,295,174,40,2025-01-18
1371,8,206,267,23,2025-11-21
1372,8,105,324,37,2025-10-12
1373,8,66,377,21,2025-12-16
1374,8,137,51,28,2025-06-05
1375,8,182,145,43,2025-09-26
1376,8,247,315,34,2025-07-17
1377,8,14,300,49,2026-01-02
1378,8,289,251,19,2025-09-13
1379,8,38,493,24,2025-08-05
1380,8,76,229,50,2025-08-14
1381,8,16,368,28,2025-11-26
1382,8,117,211,19,2026-01-18
1383,8,33,3,18,2025-07-07
1384,8,191,433,42,2026-01-14
1385,8,103,360,20,2025-07-08
1386,8,256,147,23,2025-02-05
1387,8,82,269,23,2025-03-30
1388,8,22,362,44,2025-02-24
1389,8,228,377,18,2025-04-08
1390,8,298,428,14,2025-03-06
1391,8,21,102,48,2025-03-15
1392,8,216,449,10,2025-11-17
1393,8,287,156,49,2025-02-17
1394,8,65,30,34,2026-01-14
1395,8,230,4,15,2025-09-24
1396,8,134,125,36,2025-05-15
1397,8,174,250,20,2025-04-15
1398,8,237,367,45,2025-08-26
1399,8,104,176,11,2025-09-30
1400,8,115,84,40,2025-07-26
1401,8,92,265,15,2025-12-07
1402,8,23,233,21,2025-04-03
1403,8,155,460,32,2025-09-03
1404,8,270,237,30,2025-05-14
1405,8,235,382,33,2025-10-15
1406,8,140,321,27,2025-09-05
1407,8,12,69,34,2025-03-21
1408,8,205,441,46,2025-01-17
1409,8,259,166,19,2025-11-13
1410,8,286,46,42,2026-02-02
1411,8,55,437,39,2025-07-15
1412,8,267,460,45,2025-05-04
1413,8,31,373,16,2025-07-20
1414,8,213,27,45,2025-04-04
1415,8,197,367,38,2025-03-03
1416,8,166,330,40,2025-03-31
1417,8,224,32,39,2025-12-18
1418,8,179,110,22,2025-08-15
1419,8,116,403,23,2025-10-17
1420,8,30,335,47,2025-04-06
1421,8,98,489,11,2025-06-16
1422,8,254,93,21,2025-03-21
1423,8,193,295,46,2025-11-11
1424,8,210,109,36,2025-03-29
1425,8,233,489,16,2026-01-11
1426,8,180,218,30,2025-12-03
1427,8,86,437,47,2025-02-08
1428,8,3,327,29,2025-05-01
1429,8,58,283,45,2025-03-15
1430,8,215,121,20,2025-06-16
1431,8,44,334,33,2025-12-26
1432,8,204,493,25,2025-10-23
1433,8,248,438,44,2025-04-15
1434,8,8,163,45,2025-06-07
1435,9,90,213,17,2025-09-08
1436,9,176,371,39,2026-01-13
1437,9,186,380,41,2025-04-23
1438,9,168,82,35,2025-05-29
1439,9,123,126,11,2025-10-20
1440,9,165,170,26,2025-05-10
1441,9,55,295,41,2025-11-09
1442,9,202,366,17,2025-04-03
1443,9,251,457,38,2025-11-06
1444,9,215,422,47,2025-08-13
1445,9,93,1,21,2025-10-20
1446,9,146,89,38,2025-02-05
1447,9,195,82,13,2025-06-19
1448,9,76,126,48,2025-08-28
1449,9,54,388,43,2025-09-12
1450,9,71,368,17,2025-04-20
1451,9,292,251,30,2025-03-12
1452,9,288,296,45,2025-09-23
1453,9,72,124,18,2025-03-18
1454,9,33,14,16,2025-03-10
1455,9,106,406,33,2025-07-23
1456,9,67,373,13,2025-10-08
1457,9,45,96,21,2025-01-20
1458,9,57,452,12,2025-05-16
1459,9,83,389,45,2025-09-08
1460,9,210,310,39,2025-09-23
1461,9,243,257,42,2025-10-19
1462,9,66,224,32,2025-12-17
1463,9,258,107,33,2025-12-08
1464,9,239,263,32,2025-04-05
1465,9,287,121,50,2025-10-01
1466,9,24,201,13,2026-01-20
1467,9,6,404,12,2025-04-14
1468,9,31,8,27,2025-06-04
1469,9,70,120,34,2025-11-27
1470,9,150,41,46,2025-10-21
1471,9,20,164,17,2025-08-24
1472,9,224,34,32,2025-03-25
1473,9,170,488,23,2026-01-08
1474,9,278,292,15,2025-01-12
1475,9,228,398,19,2025-11-26
1476,9,211,295,20,2026-02-03
1477,9,250,474,47,2026-01-19
1478,9,98,178,11,2025-02-17
1479,9,144,155,22,2025-09-02
1480,9,298,141,42,2025-04-09
1481,9,9,29,49,2025-04-11
1482,9,127,466,10,2025-10-23
1483,9,223,212,40,2025-02-12
1484,9,41,107,47,2025-09-13
1485,9,241,47,48,2025-02-28
1486,9,53,74,35,2025-01-25
1487,9,198,324,19,2026-01-10
1488,9,74,77,17,2025-04-17
1489,9,238,80,17,2025-12-18
1490,9,212,473,39,2025-07-29
1491,9,261,238,18,2025-01-28
1492,9,161,58,48,2026-01-30
1493,9,84,381,15,2025-03-01
1494,9,214,57,34,2025-07-26
1495,9,235,53,18,2025-04-03
1496,9,125,21,17,2025-11-13
1497,9,35,369,12,2025-08-17
1498,9,293,69,31,2025-12-05
1499,9,4,380,43,2026-01-25
1500,9,266,224,25,2025-04-12
1501,9,299,473,49,2026-01-18
1502,9,174,373,23,2025-01-19
1503,9,1,150,46,2025-04-09
1504,9,16,220,34,2025-06-22
1505,9,184,106,44,2025-01-07
1506,9,121,338,21,2025-08-22
1507,9,25,333,29,2026-02-02
1508,9,158,266,16,2025-03-18
1509,9,30,391,28,2025-04-01
1510,9,107,51,15,2025-05-26
1511,9,294,11,45,2025-12-16
1512,9,19,202,50,2025-09-26
1513,9,286,71,31,2025-01-05
1514,9,3,295,30,2025-03-10
1515,9,56,76,48,2025-05-27
1516,9,61,192,18,2025-01-09
1517,9,37,430,47,2025-04-10
1518,9,194,358,33,2025-06-29
1519,9,102,369,34,2025-02-03
1520,9,249,414,10,2025-04-20
1521,9,44,366,46,2025-11-02
1522,9,205,176,18,2026-02-03
1523,9,108,355,47,2025-09-12
1524,9,134,421,11,2026-02-02
1525,9,50,49,24,2025-08-21
1526,9,27,60,19,2025-05-22
1527,9,247,97,37,2025-07-03
1528,9,209,281,30,2025-10-04
1529,9,85,187,34,2025-06-07
1530,9,100,390,18,2025-04-19
1531,9,147,433,11,2025-05-13
1532,9,245,482,14,2026-01-16
1533,9,115,398,19,2025-01-14
1534,9,222,72,40,2025-01-28
1535,9,279,216,17,2025-07-05
1536,9,167,314,20,2025-09-03
1537,9,89,118,45,2025-09-11
1538,9,132,142,13,2025-03-27
1539,9,276,306,49,2025-02-01
1540,9,75,226,15,2025-08-09
1541,9,201,218,47,2025-01-12
1542,9,23,211,24,2025-03-08
1543,9,281,64,28,2025-09-29
1544,9,182,332,16,2025-06-25
1545,9,163,163,26,2025-03-23
1546,9,46,423,50,2025-11-25
1547,9,171,3,24,2025-12-26
1548,9,285,363,28,2025-01-17
1549,9,208,127,13,2025-03-05
1550,9,128,8,49,2025-07-05
1551,9,18,464,35,2025-09-12
1552,9,47,288,50,2025-08-20
1553,9,280,188,37,2025-06-07
1554,9,12,318,14,2025-07-09
1555,9,225,226,47,2025-12-13
1556,9,39,398,32,2025-07-10
1557,9,162,145,37,2025-03-30
1558,9,204,484,25,2025-05-09
1559,9,131,245,16,2025-03-12
1560,9,154,428,26,2025-08-25
1561,9,99,222,10,2025-02-26
1562,9,185,22,45,2025-01-31
1563,9,277,393,17,2025-09-21
1564,9,300,62,12,2025-04-17
1565,9,142,13,36,2025-10-11
1566,9,22,117,16,2025-08-19
1567,9,189,204,27,2026-01-26
1568,9,234,482,15,2025-09-08
1569,9,156,82,37,2025-09-22
1570,9,59,21,44,2025-01-07
1571,9,207,264,16,2026-01-08
1572,9,15,343,33,2025-08-18
1573,9,151,54,19,2025-10-31
1574,9,11,15,16,2025-06-25
1575,9,289,360,13,2025-08-26
1576,9,255,43,22,2025-09-18
1577,9,32,21,36,2025-08-20
1578,9,95,52,25,2025-01-28
1579,9,265,236,24,2025-06-20
1580,9,118,40,13,2025-05-28
1581,9,2,184,43,2025-05-22
1582,9,91,251,29,2025-04-13
1583,9,140,410,35,2025-03-31
1584,9,254,58,22,2025-01-13
1585,9,220,8,46,2025-08-11
1586,9,114,93,32,2025-09-30
1587,9,119,440,43,2025-12-13
1588,9,122,181,38,2025-08-07
1589,10,242,219,48,2025-05-10
1590,10,277,254,11,2025-04-15
1591,10,34,61,45,2025-01-03
1592,10,54,170,22,2025-12-10
1593,10,300,411,22,2025-11-07
1594,10,114,206,20,2025-08-14
1595,10,215,472,26,2025-08-12
1596,10,210,455,35,2025-08-12
1597,10,139,421,19,2025-02-10
1598,10,156,180,47,2025-02-02
1599,10,252,268,25,2025-03-12
1600,10,293,358,40,2025-01-10
1601,10,204,16,13,2025-05-17
1602,10,150,206,36,2025-08-06
1603,10,96,51,29,2025-06-19
1604,10,246,320,47,2025-01-13
1605,10,263,386,14,2025-03-01
1606,10,133,25,38,2025-10-29
1607,10,102,248,39,2025-03-05
1608,10,62,467,26,2025-01-20
1609,10,67,10,26,2025-10-27
1610,10,227,120,44,2026-01-29
1611,10,177,482,45,2025-02-04
1612,10,105,420,46,2026-01-23
1613,10,29,358,50,2025-12-23
1614,10,13,138,46,2025-01-02
1615,10,155,161,25,2025-12-08
1616,10,53,362,14,2025-06-12
1617,10,225,401,21,2025-01-22
1618,10,95,130,49,2025-11-08
1619,10,235,256,12,2025-10-29
1620,10,56,152,48,2025-09-12
1621,10,119,475,35,2025-11-07
1622,10,136,270,41,2025-11-24
1623,10,168,114,14,2025-04-12
1624,10,222,237,47,2025-08-13
1625,10,286,350,17,2025-08-01
1626,10,226,195,48,2025-10-12
1627,10,261,383,28,2025-02-22
1628,10,231,210,34,2025-02-20
1629,10,37,76,23,2025-09-06
1630,10,171,146,13,2025-09-06
1631,10,1,245,46,2025-05-17
1632,10,91,127,24,2025-03-31
1633,10,157,390,30,2025-08-12
1634,10,276,93,23,2026-01-13
1635,10,193,352,42,2025-12-09
1636,10,77,302,48,2025-05-29
1637,10,273,298,46,2025-02-28
1638,10,194,312,38,2025-01-08
1639,10,187,34,26,2025-03-26
1640,10,97,452,37,2025-12-05
1641,10,125,71,11,2025-04-20
1642,10,191,239,13,2025-09-21
1643,10,132,235,44,2025-03-29
1644,10,262,54,15,2025-07-30
1645,10,296,28,20,2025-12-05
1646,10,104,340,11,2025-11-19
1647,10,83,411,50,2025-05-13
1648,10,18,48,44,2025-02-12
1649,10,238,120,33,2025-12-17
1650,10,241,359,49,2025-10-20
1651,10,48,262,48,2025-09-16
1652,10,219,453,47,2025-08-18
1653,10,264,461,19,2025-02-27
1654,10,9,42,38,2025-01-12
1655,10,299,374,44,2025-09-15
1656,10,207,320,47,2025-05-29
1657,10,217,475,42,2025-01-16
1658,10,221,417,14,2025-10-07
1659,10,8,475,35,2025-05-14
1660,10,12,155,44,2025-03-12
1661,10,11,82,17,2025-08-20
1662,10,123,484,32,2025-09-25
1663,10,179,262,24,2025-10-20
1664,10,283,225,42,2025-07-11
1665,10,141,224,10,2025-10-04
1666,10,256,88,13,2025-01-14
1667,10,23,132,44,2025-01-24
1668,10,52,214,40,2025-06-13
1669,10,122,242,15,2025-04-03
1670,10,6,431,22,2025-07-14
1671,10,42,288,15,2025-06-03
1672,10,189,304,35,2025-02-16
1673,10,72,391,15,2025-03-22
1674,10,255,261,41,2025-12-12
1675,10,25,418,47,2025-05-19
1676,10,153,405,20,2025-11-04
1677,10,110,343,37,2025-10-14
1678,10,103,462,42,2025-03-19
1679,10,166,237,35,2025-10-24
1680,10,164,482,40,2025-12-07
1681,10,151,325,13,2025-05-17
1682,10,27,22,47,2025-07-01
1683,10,197,117,17,2025-05-13
1684,10,92,463,15,2025-10-25
1685,10,101,216,17,2025-07-01
1686,10,79,218,12,2025-09-11
1687,10,134,460,45,2025-11-25
1688,10,15,127,21,2025-09-07
1689,10,121,145,45,2025-10-13
1690,10,68,114,31,2026-01-06
1691,10,26,193,32,2025-02-24
1692,10,20,398,39,2025-10-25
1693,10,199,408,35,2025-04-04
1694,10,180,149,50,2025-01-24
1695,10,32,453,48,2025-08-04
1696,10,250,359,50,2025-05-25
1697,10,202,427,49,2025-07-12
1698,10,63,196,44,2025-05-08
1699,10,249,368,26,2025-11-10
1700,10,99,219,11,2025-05-17
1701,10,10,231,42,2025-06-09
1702,10,59,77,14,2025-08-16
1703,10,214,5,19,2025-10-15
1704,10,38,173,16,2025-07-17
1705,10,40,72,20,2025-07-02
1706,10,111,296,25,2025-11-19
1707,10,88,208,27,2025-10-05
1708,10,287,279,18,2025-01-01
1709,10,298,257,46,2026-02-03
1710,10,224,113,27,2025-10-01
1711,10,245,204,44,2025-12-23
1712,10,130,256,24,2025-11-11
1713,10,16,21,37,2025-03-12
1714,10,269,132,35,2025-09-03
1715,10,200,77,43,2025-08-16
1716,10,66,308,46,2025-02-04
1717,10,236,217,11,2025-11-16
1718,10,112,426,14,2025-02-15
1719,10,22,153,14,2025-04-20
1720,10,2,424,17,2025-10-28
1721,10,230,458,25,2025-07-03
1722,10,169,338,48,2025-11-24
1723,10,232,417,20,2025-04-15
1724,10,65,365,36,2025-02-25
1725,10,195,119,23,2025-09-01
1726,10,172,368,36,2025-01-01
1727,10,17,174,21,2025-05-08
1728,10,282,22,26,2025-06-14
1729,10,43,284,42,2025-02-18
1730,10,28,205,31,2026-02-04
1731,10,98,424,11,2025-03-26
1732,10,145,184,27,2026-01-20
1733,10,258,154,41,2025-03-16
1734,10,247,134,17,2025-11-12
1735,10,33,49,37,2025-06-12
1736,10,201,332,12,2025-04-09
1737,10,71,356,28,2025-05-21
1738,10,176,14,46,2025-08-02
1739,10,285,205,14,2025-08-29
1740,10,140,386,40,2026-01-18
1741,10,167,33,43,2025-03-06
1742,10,85,358,26,2025-11-01
1743,10,89,275,46,2026-01-21
1744,10,115,279,50,2025-01-22
1745,10,244,279,44,2026-01-09
1746,10,234,1,35,2025-08-25
1747,10,87,426,45,2025-03-16
1748,10,131,49,27,2025-02-10
1749,10,239,226,27,2025-07-31
1750,10,248,264,16,2025-04-26
1751,10,181,429,30,2025-11-15
1752,10,58,94,35,2025-11-17
1753,10,290,192,26,2025-10-07
1754,10,142,216,49,2025-12-06
1755,10,128,275,49,2025-05-08
1756,10,196,357,47,2025-07-22
1757,10,267,356,49,2025-10-09
1758,10,243,225,29,2025-09-17
1759,10,233,195,46,2025-06-09
1760,10,175,352,15,2025-06-17
1761,10,268,174,47,2025-05-14
1762,10,160,160,13,2025-02-26
1763,10,143,63,49,2025-03-11
1764,10,127,369,48,2025-12-14
1765,10,190,92,13,2025-12-18
1766,10,7,399,40,2025-07-04
1767,10,271,126,34,2025-12-22
1768,10,178,22,32,2025-02-28
1769,10,21,36,40,2025-02-10
1770,10,185,216,13,2025-04-27
1771,10,294,426,48,2025-10-03
1772,10,209,385,45,2025-07-22
1773,10,253,106,36,2025-06-10
1774,10,184,127,36,2025-12-30
1775,10,45,331,18,2025-02-21
1776,10,73,263,47,2025-05-14
1777,10,44,167,33,2025-11-03
1778,10,218,28,34,2025-09-06
1779,10,203,3,13,2025-01-13
1780,10,216,304,46,2025-06-04
1781,10,144,413,18,2025-06-02
1782,10,80,271,47,2025-05-09
1783,10,257,91,13,2025-05-31
1784,10,120,471,34,2025-07-12
1785,10,14,349,27,2026-01-15
1786,10,278,441,45,2025-11-11
1787,10,223,222,37,2025-09-12
1788,10,135,210,13,2025-06-17
1789,10,86,404,37,2025-05-15
1790,10,206,82,10,2025-06-09
1791,10,106,161,37,2025-07-06
1792,10,213,250,38,2025-06-24
1793,10,208,275,11,2025-10-20
1794,10,295,230,29,2026-01-29
1795,10,36,163,24,2025-04-09
1796,10,289,400,42,2025-11-08
1797,10,84,14,37,2025-03-08
1798,10,31,124,33,2025-05-13
1799,11,58,448,34,2025-03-08
1800,11,96,437,50,2025-04-05
1801,11,233,394,36,2025-06-22
1802,11,36,358,28,2025-01-28
1803,11,192,55,35,2025-11-20
1804,11,263,171,48,2025-11-08
1805,11,254,177,24,2025-01-28
1806,11,236,4,37,2025-03-24
1807,11,298,438,21,2025-03-02
1808,11,3,89,19,2025-05-31
1809,11,178,92,38,2025-08-08
1810,11,10,493,40,2025-12-22
1811,11,240,336,40,2025-06-09
1812,11,70,205,18,2026-01-27
1813,11,32,161,49,2025-02-04
1814,11,7,199,11,2025-02-23
1815,11,243,40,21,2025-05-24
1816,11,24,363,16,2025-02-17
1817,11,94,190,42,2025-05-09
1818,11,29,273,43,2025-11-24
1819,11,200,198,13,2025-01-04
1820,11,95,389,44,2025-01-08
1821,11,172,55,40,2025-10-29
1822,11,285,264,35,2025-09-04
1823,11,209,364,41,2025-10-14
1824,11,42,65,22,2025-02-10
1825,11,259,88,46,2025-11-01
1826,11,31,451,32,2025-08-16
1827,11,208,476,10,2025-05-20
1828,11,167,228,18,2026-01-03
1829,11,129,209,26,2025-03-26
1830,11,174,326,37,2025-02-08
1831,11,188,75,17,2025-03-26
1832,11,18,27,23,2025-09-28
1833,11,153,128,24,2026-01-12
1834,11,189,388,40,2025-06-25
1835,11,235,116,37,2025-06-27
1836,11,23,356,47,2026-01-09
1837,11,103,197,44,2025-01-25
1838,11,171,236,45,2025-06-29
1839,11,292,498,50,2025-03-28
1840,11,5,188,26,2025-09-21
1841,11,130,89,29,2025-03-07
1842,11,122,63,45,2025-12-22
1843,11,140,384,24,2025-09-15
1844,11,282,166,26,2025-07-05
1845,11,33,408,27,2025-01-25
1846,11,276,16,37,2025-05-11
1847,11,251,156,33,2025-05-27
1848,11,202,333,39,2025-06-23
1849,11,85,378,19,2025-04-11
1850,11,106,432,14,2025-02-27
1851,11,258,71,22,2025-03-20
1852,11,44,478,38,2025-05-27
1853,11,97,394,44,2025-11-11
1854,11,116,391,41,2025-12-16
1855,11,126,481,49,2026-01-11
1856,11,79,417,15,2025-08-19
1857,11,249,224,35,2026-01-27
1858,11,205,105,25,2025-12-07
1859,11,196,150,20,2025-09-08
1860,11,114,86,11,2025-04-09
1861,11,160,444,45,2025-10-03
1862,11,80,194,20,2025-02-07
1863,11,104,459,40,2025-07-01
1864,11,270,365,10,2025-12-02
1865,11,74,277,13,2025-02-04
1866,11,118,310,34,2025-05-07
1867,11,109,423,12,2025-05-11
1868,11,59,168,50,2025-04-10
1869,11,136,16,34,2025-11-08
1870,11,152,405,24,2025-06-16
1871,11,123,368,44,2025-09-15
1872,11,177,424,19,2025-05-17
1873,11,81,319,24,2025-06-19
1874,11,37,434,24,2025-06-06
1875,11,186,6,12,2025-12-25
1876,11,54,403,50,2026-01-15
1877,11,111,53,42,2025-02-05
1878,11,159,366,35,2025-08-14
1879,11,197,242,42,2025-05-27
1880,11,246,263,14,2025-08-06
1881,11,238,176,21,2025-05-23
1882,11,43,130,26,2025-12-10
1883,11,214,489,33,2025-05-14
1884,11,165,134,37,2025-01-28
1885,11,231,422,44,2025-04-18
1886,11,198,419,44,2025-07-05
1887,11,107,352,14,2025-09-01
1888,11,13,308,49,2025-04-22
1889,11,49,230,45,2025-02-24
1890,11,56,7,30,2025-05-04
1891,11,221,329,48,2025-03-05
1892,11,155,75,44,2025-08-22
1893,11,297,491,42,2025-09-20
1894,11,296,338,26,2025-10-03
1895,11,40,376,34,2025-11-15
1896,11,138,290,47,2025-08-06
1897,11,255,300,43,2025-09-21
1898,11,157,397,19,2026-01-27
1899,11,299,353,48,2025-02-01
1900,11,267,156,30,2025-09-04
1901,11,27,296,18,2025-09-03
1902,11,90,53,27,2025-08-19
1903,11,112,348,18,2025-05-10
1904,11,162,192,24,2025-01-19
1905,11,295,414,15,2026-01-09
1906,11,17,306,44,2026-01-18
1907,11,82,493,34,2025-12-30
1908,11,237,129,21,2025-05-18
1909,11,199,67,23,2025-10-13
1910,11,6,332,24,2025-10-31
1911,11,135,230,20,2025-09-24
1912,11,146,120,25,2025-10-18
1913,11,256,405,16,2025-03-19
1914,11,265,499,17,2025-11-27
1915,11,141,337,45,2025-09-13
1916,11,133,15,35,2025-03-22
1917,11,234,483,46,2025-04-18
1918,11,284,88,43,2025-09-21
1919,11,217,473,13,2025-12-31
1920,11,278,295,45,2025-04-19
1921,11,291,85,19,2025-03-04
1922,11,242,22,17,2025-01-08
1923,11,261,94,24,2025-03-31
1924,11,224,455,10,2025-01-09
1925,11,144,32,43,2025-07-17
1926,11,22,236,37,2025-07-14
1927,11,260,58,12,2025-01-16
1928,11,275,260,50,2025-11-02
1929,11,92,343,45,2025-12-13
1930,11,55,246,34,2025-03-04
1931,11,132,5,45,2025-02-12
1932,11,215,418,28,2025-04-07
1933,11,230,190,34,2025-02-17
1934,11,51,147,13,2026-01-06
1935,11,257,120,45,2025-05-29
1936,11,93,475,30,2025-11-29
1937,11,182,124,15,2025-10-29
1938,11,26,261,13,2025-09-05
1939,11,203,141,36,2026-02-05
1940,11,15,384,45,2025-11-25
1941,11,269,70,22,2025-06-11
1942,11,264,158,36,2025-10-29
1943,11,293,161,16,2025-01-18
1944,11,87,1,22,2026-01-11
1945,11,45,395,11,2025-08-23
1946,11,195,427,35,2025-04-04
1947,11,65,1,33,2025-05-23
1948,11,184,483,31,2026-01-16
1949,11,274,301,34,2025-08-13
1950,11,245,427,14,2025-06-19
1951,11,101,10,12,2025-08-12
1952,11,20,221,34,2025-08-05
1953,11,48,137,15,2025-02-07
1954,11,69,6,35,2025-07-09
1955,11,149,153,15,2025-12-29
1956,11,50,46,24,2025-05-25
1957,11,185,0,38,2025-10-05
1958,11,11,165,16,2025-07-24
1959,11,239,314,47,2025-05-18
1960,11,12,395,49,2025-08-29
1961,11,158,21,43,2025-11-11
1962,11,220,7,33,2026-01-31
1963,11,62,287,22,2025-08-09
1964,11,16,214,45,2025-04-14
1965,11,127,150,45,2025-03-14
1966,11,183,193,44,2026-01-07
1967,11,169,290,46,2025-11-15
1968,11,86,207,20,2025-07-18
1969,11,241,310,39,2025-01-08
1970,12,254,119,44,2025-08-10
1971,12,84,285,45,2025-09-24
1972,12,233,459,50,2025-10-17
1973,12,197,60,40,2025-09-28
1974,12,80,349,41,2026-02-05
1975,12,121,314,14,2025-07-06
1976,12,133,15,33,2025-10-30
1977,12,34,219,21,2025-07-05
1978,12,231,232,14,2025-10-19
1979,12,276,232,34,2025-01-12
1980,12,110,354,48,2025-05-02
1981,12,130,64,11,2025-02-14
1982,12,106,67,37,2025-12-26
1983,12,39,391,32,2025-08-21
1984,12,58,434,50,2025-09-25
1985,12,90,295,45,2025-04-06
1986,12,16,194,10,2025-06-04
1987,12,260,500,15,2025-10-11
1988,12,150,437,10,2026-01-25
1989,12,79,483,46,2025-07-08
1990,12,190,478,18,2025-02-07
1991,12,297,401,39,2025-07-04
1992,12,183,171,42,2025-06-10
1993,12,237,497,17,2025-08-24
1994,12,264,249,39,2025-05-29
1995,12,74,361,15,2025-12-10
1996,12,238,382,18,2025-09-07
1997,12,138,151,34,2025-11-05
1998,12,211,94,14,2025-02-19
1999,12,76,277,45,2025-03-16
2000,12,152,143,15,2025-11-08
2001,12,32,364,47,2025-07-26
2002,12,14,481,18,2025-08-12
2003,12,105,136,21,2025-03-25
2004,12,194,72,48,2025-09-02
2005,12,298,171,42,2025-10-28
2006,12,161,38,38,2025-01-28
2007,12,60,415,26,2026-01-05
2008,12,114,374,33,2025-05-17
2009,12,9,469,18,2025-02-23
2010,12,135,421,45,2025-06-27
2011,12,295,348,28,2025-07-10
2012,12,214,248,12,2025-06-13
2013,12,83,222,42,2025-03-06
2014,12,205,1,46,2025-03-14
2015,12,112,64,33,2025-09-12
2016,12,144,425,10,2025-12-30
2017,12,203,294,11,2026-01-11
2018,12,25,25,14,2025-11-20
2019,12,36,204,24,2025-12-27
2020,12,1,460,31,2025-07-29
2021,12,3,140,13,2025-08-24
2022,12,225,87,23,2025-03-11
2023,12,95,142,40,2025-04-01
2024,12,218,257,20,2025-10-14
2025,12,40,312,30,2026-01-05
2026,12,182,453,27,2025-01-03
2027,12,265,29,15,2025-09-06
2028,12,147,266,43,2025-04-04
2029,12,212,82,26,2026-01-03
2030,12,89,231,25,2025-02-16
2031,12,180,69,36,2025-02-07
2032,12,252,199,44,2026-01-31
2033,12,71,191,10,2025-09-04
2034,12,57,33,13,2025-06-29
2035,12,207,482,45,2025-11-25
2036,12,261,357,13,2025-02-16
2037,12,97,59,46,2025-07-10
2038,12,159,499,10,2025-11-09
2039,12,273,91,39,2025-02-25
2040,12,66,417,15,2025-06-11
2041,12,296,95,37,2025-02-11
2042,12,256,382,12,2026-01-16
2043,12,173,185,24,2025-08-14
2044,12,10,27,46,2025-03-11
2045,12,137,102,12,2025-01-17
2046,12,228,236,14,2025-08-09
2047,12,43,303,30,2025-12-15
2048,12,186,7,10,2025-09-05
2049,12,232,131,15,2025-09-16
2050,12,61,293,29,2025-10-15
2051,12,119,364,30,2025-12-24
2052,12,13,150,24,2025-11-27
2053,12,236,72,46,2025-09-25
2054,12,191,239,36,2025-10-31
2055,12,222,284,46,2025-04-20
2056,12,243,442,36,2025-06-26
2057,12,272,67,48,2025-05-12
2058,12,128,142,40,2026-01-28
2059,12,94,59,36,2026-01-11
2060,12,208,45,49,2026-01-05
2061,12,201,263,19,2025-08-31
2062,12,253,103,29,2025-10-03
2063,12,72,42,23,2026-01-30
2064,12,280,371,14,2025-01-19
2065,12,189,132,31,2025-01-24
2066,12,199,78,32,2026-02-01
2067,12,263,287,49,2025-07-26
2068,12,248,113,21,2025-02-05
2069,12,240,239,28,2025-04-20
2070,12,215,497,33,2025-08-13
2071,12,251,131,43,2026-01-27
2072,12,151,451,25,2025-06-22
2073,12,257,446,19,2025-08-04
2074,12,78,271,13,2025-07-27
2075,12,177,441,27,2025-10-07
2076,12,169,222,12,2026-01-17
2077,12,294,219,38,2025-04-10
2078,12,142,301,45,2025-04-23
2079,12,140,367,26,2025-06-03
2080,12,27,476,44,2025-09-15
2081,12,15,99,45,2025-06-05
2082,12,271,495,21,2025-06-12
2083,12,224,409,24,2025-07-15
2084,12,290,471,50,2025-06-02
2085,12,33,207,18,2025-10-04
2086,12,221,24,31,2025-06-21
2087,12,102,27,38,2025-08-16
2088,12,266,474,27,2025-12-27
2089,12,55,25,35,2025-07-04
2090,12,216,229,49,2025-06-21
2091,12,96,180,15,2025-07-06
2092,12,52,491,35,2025-03-23
2093,12,226,105,46,2025-04-04
2094,12,108,373,10,2025-11-01
2095,12,269,17,44,2025-06-20
2096,12,26,461,30,2025-02-24
2097,12,149,21,41,2025-11-19
2098,12,115,358,29,2026-01-10
2099,12,153,14,48,2025-02-22
2100,12,70,455,24,2025-02-21
2101,12,12,486,15,2025-02-21
2102,12,46,236,42,2025-07-18
2103,12,20,48,48,2025-12-18
2104,12,255,9,19,2025-06-18
2105,12,259,412,28,2025-12-27
2106,12,54,482,38,2025-12-16
2107,12,11,199,13,2025-12-18
2108,12,217,359,21,2025-03-28
2109,12,299,324,11,2025-07-27
2110,12,91,367,49,2025-07-09
2111,12,242,470,24,2025-06-11
2112,12,267,418,27,2025-12-24
2113,12,200,481,15,2025-12-16
2114,12,5,90,10,2025-02-12
2115,12,28,341,18,2025-04-04
2116,12,8,224,30,2025-10-17
2117,12,168,182,13,2025-01-06
2118,12,19,80,36,2026-01-24
2119,12,104,415,13,2025-02-10
2120,12,82,163,17,2025-06-22
2121,12,281,109,21,2025-06-27
2122,12,17,494,47,2025-05-13
2123,12,164,225,50,2025-11-13
2124,12,274,173,12,2025-08-13
2125,12,111,144,12,2025-09-10
2126,12,181,51,38,2025-12-27
2127,12,292,97,18,2025-08-26
2128,12,24,304,45,2025-01-26
2129,12,92,476,32,2025-12-29
2130,12,129,380,47,2025-12-12
2131,12,185,187,11,2025-04-29
2132,12,103,341,14,2025-01-25
2133,12,246,4,35,2025-05-28
2134,12,44,490,49,2025-04-21
2135,12,21,496,29,2026-01-31
2136,12,288,369,10,2025-04-15
2137,12,85,353,47,2025-03-02
2138,12,291,1,27,2025-06-28
2139,12,179,64,12,2025-04-20
2140,12,293,219,12,2025-09-17
2141,12,98,313,28,2025-02-02
2142,12,42,36,44,2025-06-03
2143,12,131,320,49,2025-02-18
2144,12,198,489,24,2025-12-01
2145,12,123,172,49,2025-11-12
2146,12,53,456,21,2025-10-07
2147,12,86,183,32,2026-01-25
2148,12,249,384,25,2025-07-11
2149,12,250,351,46,2025-06-24
2150,12,141,75,12,2025-07-05
2151,12,245,198,14,2025-01-18
2152,12,165,30,36,2025-09-07
2153,12,227,291,46,2025-01-07
2154,12,68,329,11,2025-07-23
2155,12,22,292,37,2025-10-08
2156,12,229,30,14,2025-10-07
2157,13,68,367,38,2025-09-02
2158,13,89,134,12,2026-02-03
2159,13,66,356,25,2025-09-03
2160,13,252,256,27,2025-12-22
2161,13,291,348,18,2026-01-02
2162,13,98,455,23,2025-12-06
2163,13,277,99,46,2025-05-28
2164,13,263,157,47,2025-12-24
2165,13,195,493,33,2025-04-26
2166,13,270,10,10,2025-07-21
2167,13,136,251,39,2025-07-13
2168,13,273,388,20,2025-06-21
2169,13,234,167,10,2025-04-22
2170,13,244,82,50,2025-06-28
2171,13,213,424,10,2025-02-07
2172,13,184,252,23,2025-07-14
2173,13,218,160,26,2025-03-08
2174,13,201,460,35,2025-04-05
2175,13,78,146,16,2025-08-24
2176,13,62,275,26,2025-04-05
2177,13,125,298,13,2025-11-18
2178,13,35,95,46,2025-12-26
2179,13,274,398,19,2025-04-23
2180,13,276,404,24,2025-06-07
2181,13,63,169,16,2025-02-05
2182,13,132,7,12,2025-10-20
2183,13,192,20,36,2025-12-13
2184,13,97,23,32,2025-05-06
2185,13,208,2,50,2026-01-27
2186,13,115,491,44,2025-10-12
2187,13,144,467,36,2025-09-19
2188,13,39,129,25,2025-01-08
2189,13,106,77,17,2025-02-15
2190,13,20,196,35,2025-08-16
2191,13,197,112,18,2025-11-12
2192,13,163,474,10,2025-05-25
2193,13,86,458,31,2025-08-22
2194,13,123,171,46,2025-10-12
2195,13,247,404,44,2025-08-19
2196,13,1,165,46,2025-04-06
2197,13,182,44,20,2025-10-31
2198,13,61,377,47,2026-01-30
2199,13,170,216,29,2025-03-27
2200,13,239,202,12,2025-04-29
2201,13,40,488,25,2025-08-03
2202,13,257,343,21,2025-01-05
2203,13,135,452,19,2025-08-23
2204,13,236,189,32,2025-09-24
2205,13,19,95,14,2025-05-11
2206,13,85,236,39,2025-01-13
2207,13,279,355,48,2025-03-06
2208,13,95,0,38,2025-02-28
2209,13,117,46,32,2025-03-24
2210,13,181,115,45,2025-01-04
2211,13,114,92,22,2025-08-09
2212,13,251,358,20,2025-02-20
2213,13,26,331,48,2026-01-07
2214,13,261,338,20,2025-02-04
2215,13,212,180,43,2025-03-05
2216,13,271,267,46,2025-09-08
2217,13,71,370,10,2025-12-18
2218,13,110,187,46,2025-02-18
2219,13,15,222,16,2026-01-31
2220,13,194,57,42,2025-08-12
2221,13,243,108,44,2025-07-10
2222,13,262,170,45,2025-10-09
2223,13,5,41,47,2025-06-10
2224,13,9,291,39,2025-12-20
2225,13,226,498,40,2025-03-27
2226,13,187,360,16,2025-07-15
2227,13,113,284,43,2025-01-23
2228,13,222,362,13,2026-01-20
2229,13,122,395,31,2025-05-02
2230,13,67,245,44,2026-01-27
2231,13,4,413,48,2025-04-21
2232,13,174,34,45,2025-07-12
2233,13,45,311,19,2025-09-18
2234,13,72,465,47,2025-09-03
2235,13,287,460,21,2025-09-18
2236,13,268,141,31,2025-06-09
2237,13,286,443,13,2025-12-03
2238,13,166,49,42,2025-03-12
2239,13,220,86,40,2025-03-25
2240,13,91,0,13,2025-04-01
2241,13,77,282,23,2025-11-11
2242,13,232,150,44,2025-03-07
2243,13,80,320,24,2025-03-11
2244,13,300,339,19,2025-01-31
2245,13,126,129,15,2025-05-23
2246,13,176,142,41,2025-05-23
2247,13,249,335,23,2026-01-10
2248,13,230,67,43,2026-01-18
2249,13,298,56,14,2025-08-04
2250,13,33,498,33,2025-10-23
2251,13,267,308,22,2025-12-25
2252,13,159,5,18,2026-01-12
2253,13,6,321,10,2025-03-07
2254,13,246,18,50,2025-04-17
2255,13,34,25,27,2026-01-01
2256,13,190,356,19,2025-04-23
2257,13,129,436,18,2025-03-08
2258,13,266,367,38,2025-09-12
2259,13,256,183,18,2025-12-23
2260,13,142,448,16,2025-05-05
2261,13,297,190,22,2025-01-22
2262,13,76,460,18,2025-09-15
2263,13,58,47,36,2025-06-21
2264,13,92,453,13,2025-07-28
2265,13,104,129,35,2025-04-11
2266,13,131,1,13,2025-06-26
2267,13,292,366,48,2025-04-29
2268,13,168,478,38,2025-08-22
2269,13,152,235,32,2025-07-23
2270,13,188,462,47,2025-02-19
2271,13,150,312,44,2025-04-25
2272,13,128,67,14,2025-12-17
2273,13,90,11,20,2025-11-03
2274,13,206,45,36,2025-12-16
2275,13,254,452,14,2025-08-29
2276,13,290,152,34,2025-11-08
2277,13,43,20,20,2025-10-26
2278,13,29,383,43,2025-04-22
2279,13,133,61,11,2025-05-15
2280,13,116,126,44,2025-05-22
2281,13,295,34,49,2025-07-18
2282,13,265,200,20,2025-03-19
2283,13,193,290,15,2025-04-14
2284,13,240,480,17,2025-08-03
2285,13,111,249,10,2025-09-14
2286,13,153,28,33,2025-07-27
2287,13,81,285,33,2025-08-02
2288,13,2,430,35,2025-08-24
2289,13,224,488,12,2025-07-16
2290,13,102,119,35,2025-03-20
2291,13,229,43,46,2025-09-20
2292,13,46,411,35,2025-07-05
2293,13,280,185,13,2025-06-05
2294,13,225,297,28,2026-02-03
2295,13,217,390,26,2025-06-03
2296,13,44,335,12,2025-08-14
2297,13,272,494,37,2025-07-20
2298,13,203,100,29,2025-11-06
2299,13,151,394,22,2026-01-03
2300,13,296,115,46,2025-08-02
2301,13,258,176,10,2025-06-04
2302,13,57,331,48,2025-07-12
2303,13,173,85,39,2025-04-08
2304,13,189,66,20,2025-07-17
2305,13,164,68,37,2025-03-02
2306,13,294,45,28,2025-03-17
2307,13,211,130,23,2025-07-30
2308,13,227,340,18,2026-01-14
2309,13,200,175,45,2025-12-23
2310,13,70,164,27,2025-12-11
2311,13,180,77,16,2025-12-14
2312,13,3,263,42,2025-11-22
2313,13,253,453,12,2025-10-01
2314,13,36,376,41,2025-11-01
2315,13,7,486,49,2025-02-20
2316,13,242,378,49,2025-07-28
2317,13,167,75,50,2025-05-03
2318,13,245,370,29,2025-12-31
2319,13,109,43,48,2025-10-20
2320,13,171,349,34,2025-05-15
2321,13,278,112,22,2025-10-14
2322,13,73,173,25,2025-03-10
2323,13,228,368,28,2025-08-24
2324,13,16,498,21,2025-07-07
2325,13,130,341,13,2025-07-06
2326,14,298,120,24,2025-05-06
2327,14,77,133,22,2025-01-18
2328,14,172,414,25,2025-02-09
2329,14,219,40,33,2025-12-09
2330,14,118,270,41,2025-07-27
2331,14,246,14,33,2026-01-04
2332,14,7,136,33,2025-08-28
2333,14,123,398,34,2025-12-20
2334,14,130,288,27,2025-09-13
2335,14,83,169,39,2025-07-25
2336,14,168,300,27,2026-01-05
2337,14,43,395,50,2025-06-21
2338,14,233,484,22,2025-07-04
2339,14,236,495,25,2025-08-12
2340,14,60,189,46,2025-08-30
2341,14,183,438,27,2025-07-21
2342,14,244,197,48,2026-02-02
2343,14,225,257,34,2025-02-02
2344,14,5,220,23,2025-05-24
2345,14,28,64,15,2025-04-01
2346,14,266,175,28,2025-07-09
2347,14,276,11,44,2025-12-24
2348,14,158,465,10,2025-10-21
2349,14,186,170,49,2025-06-06
2350,14,222,260,15,2025-06-24
2351,14,37,94,35,2025-11-02
2352,14,281,73,30,2025-07-10
2353,14,161,294,34,2025-07-23
2354,14,192,154,38,2025-04-04
2355,14,190,57,25,2025-01-07
2356,14,110,232,27,2025-03-11
2357,14,2,122,33,2026-02-02
2358,14,210,367,47,2025-03-02
2359,14,33,136,21,
2360,14,14,62,28,2025-01-27
2361,14,35,341,26,2025-11-30
2362,14,288,278,47,2025-04-11
2363,14,258,126,20,2025-08-01
2364,14,146,418,17,2025-06-04
2365,14,75,397,30,2025-06-08
2366,14,232,109,13,2025-08-20
2367,14,73,290,36,2025-04-23
2368,14,251,336,39,2025-04-26
2369,14,211,53,11,2025-01-16
2370,14,97,273,17,2025-09-11
2371,14,253,481,43,2025-07-02
2372,14,167,470,20,2025-03-14
2373,14,45,477,17,2025-02-10
2374,14,259,188,45,2025-08-17
2375,14,80,47,45,2025-05-24
2376,14,12,162,20,2025-04-18
2377,14,49,185,27,2026-01-14
2378,14,209,458,21,2025-08-10
2379,14,153,455,42,2025-08-24
2380,14,53,132,27,2025-12-15
2381,14,79,333,41,2025-01-25
2382,14,20,57,41,2025-04-10
2383,14,64,329,20,2025-11-28
2384,14,6,478,11,2025-12-21
2385,14,120,270,36,2025-06-24
2386,14,126,448,19,2025-04-24
2387,14,29,463,38,2025-08-25
2388,14,226,231,18,2025-10-23
2389,14,270,220,35,2025-12-16
2390,14,218,165,36,2025-04-07
2391,14,286,99,39,2025-01-02
2392,14,135,57,27,2025-02-01
2393,14,142,330,12,2026-01-26
2394,14,205,322,32,2025-03-20
2395,14,269,416,38,2025-10-02
2396,14,175,32,11,2025-07-08
2397,14,254,166,43,2025-12-04
2398,14,119,23,12,2025-01-13
2399,14,189,471,19,2025-09-05
2400,14,63,438,21,2026-01-09
2401,14,65,65,14,2025-06-08
2402,14,96,95,30,2025-08-26
2403,14,243,339,22,2025-03-03
2404,14,52,217,11,2025-11-06
2405,14,295,154,24,2025-10-21
2406,14,124,354,17,2026-01-29
2407,14,217,470,23,2026-01-26
2408,14,198,203,43,2025-11-18
2409,14,11,355,15,2025-09-11
2410,14,282,84,12,2025-04-12
2411,14,238,62,22,2025-07-13
2412,14,144,318,32,2025-06-29
2413,14,213,363,19,2025-09-23
2414,14,32,397,35,2025-04-01
2415,14,264,464,11,2025-11-04
2416,14,42,330,21,2025-10-22
2417,14,31,371,50,2025-09-06
2418,14,197,401,25,2025-06-26
2419,14,102,65,33,2025-11-12
2420,14,72,180,23,2025-05-01
2421,14,21,75,20,2025-03-19
2422,14,164,327,38,2025-04-27
2423,14,131,358,49,2025-04-08
2424,14,191,457,43,2025-11-05
2425,14,16,311,21,2025-01-01
2426,14,289,147,33,2025-08-31
2427,14,100,353,24,2026-02-05
2428,14,283,181,24,2025-03-08
2429,14,215,116,37,2025-08-07
2430,14,78,44,42,2025-06-29
2431,14,127,497,12,2025-08-29
2432,14,150,203,15,2025-01-26
2433,14,25,282,39,2025-01-24
2434,14,134,261,21,2025-07-19
2435,14,138,310,41,2025-03-03
2436,14,30,391,42,2025-03-23
2437,14,50,424,22,2025-07-15
2438,14,204,19,16,2025-01-08
2439,14,199,251,17,2025-03-21
2440,14,13,202,16,2025-07-01
2441,14,140,330,45,2025-04-24
2442,14,224,457,45,2025-12-14
2443,14,152,286,50,2025-04-04
2444,14,263,361,15,2025-09-10
2445,14,180,341,50,2025-08-11
2446,14,38,472,26,2025-10-01
2447,14,237,440,26,2026-02-04
2448,14,92,206,40,2025-04-13
2449,14,157,166,38,2026-01-21
2450,14,177,134,18,2025-03-16
2451,14,267,107,23,2025-12-20
2452,14,51,78,19,2025-03-24
2453,14,128,470,42,2025-01-09
2454,14,3,324,16,2026-01-22
2455,14,61,311,28,2025-05-10
2456,14,85,78,32,2025-10-14
2457,14,159,343,46,2025-03-20
2458,14,265,367,50,2025-04-05
2459,14,248,91,32,2025-07-27
2460,14,300,29,34,2025-04-04
2461,14,54,420,49,2025-06-22
2462,14,57,108,33,2025-12-02
2463,14,62,25,34,2025-05-05
2464,14,95,426,50,2026-01-05
2465,14,69,245,25,2025-02-04
2466,14,165,437,17,2025-09-30
2467,14,257,28,27,2025-07-23
2468,14,166,350,41,2025-05-22
2469,14,235,53,25,2025-01-04
2470,14,229,248,30,2025-04-28
2471,14,4,438,45,2025-06-06
2472,14,201,395,17,2025-12-01
2473,14,151,287,30,2025-03-18
2474,14,174,6,14,2025-04-23
2475,14,27,396,34,2025-03-31
2476,14,24,205,13,2025-09-18
2477,14,111,401,28,2025-12-06
2478,14,234,204,24,2025-10-20
2479,14,15,424,40,2025-12-03
2480,14,207,187,34,2025-02-02
2481,14,188,160,27,2025-09-01
2482,14,261,23,33,2025-06-13
2483,14,46,128,46,2025-02-07
2484,14,221,409,21,2025-11-17
2485,14,162,337,14,2025-07-08
2486,14,185,44,37,2026-01-04
2487,14,112,137,14,2025-02-09
2488,14,196,289,31,2025-06-18
2489,14,136,219,27,2025-01-09
2490,14,178,291,15,2025-10-23
2491,14,256,369,34,2025-10-31
2492,14,143,108,47,2025-06-14
2493,14,271,230,45,2025-09-12
2494,14,106,183,21,2025-01-31
2495,14,23,244,10,2025-03-12
2496,14,132,9,26,2025-03-28
2497,14,294,222,20,2025-12-08
2498,14,194,7,14,2025-11-15
2499,14,40,443,41,2025-02-19
2500,14,203,69,15,2025-03-18
2501,14,230,157,14,2025-04-14
2502,14,47,292,25,2026-01-20
2503,14,202,366,37,2025-11-14
2504,14,147,206,39,2025-09-30
2505,14,115,290,39,2025-07-27
2506,14,26,18,46,2025-09-25
2507,14,76,242,23,2025-02-07
2508,14,223,84,37,2025-09-09
2509,14,149,457,40,2025-04-29
2510,14,179,40,48,2026-01-30
2511,14,56,94,18,2025-08-13
2512,14,291,333,34,2025-12-12
2513,14,208,391,11,2025-08-24
2514,15,78,356,46,2025-09-29
2515,15,101,273,49,2025-09-01
2516,15,186,332,44,2025-08-04
2517,15,86,180,25,2025-11-23
2518,15,162,479,23,2025-11-20
2519,15,189,350,46,2025-12-24
2520,15,104,354,29,2025-04-14
2521,15,26,59,48,2025-02-16
2522,15,152,322,34,2025-06-18
2523,15,105,158,22,2025-01-16
2524,15,168,488,42,2025-12-11
2525,15,133,371,47,2025-11-23
2526,15,30,171,21,2025-04-30
2527,15,267,63,19,2025-01-24
2528,15,266,81,17,2025-10-28
2529,15,296,35,32,2025-01-13
2530,15,44,396,32,2025-09-06
2531,15,31,413,34,2025-05-20
2532,15,107,144,46,2025-11-24
2533,15,224,233,28,2025-09-03
2534,15,139,3,13,2025-01-01
2535,15,216,71,36,2025-10-15
2536,15,205,237,35,2025-06-06
2537,15,72,158,44,2025-12-07
2538,15,13,390,37,2025-09-12
2539,15,178,205,29,2025-10-21
2540,15,109,229,47,2025-08-19
2541,15,276,472,29,2025-02-15
2542,15,273,214,22,2025-07-17
2543,15,180,455,32,2025-08-07
2544,15,144,353,12,2025-05-12
2545,15,112,439,31,2025-01-17
2546,15,125,11,36,2025-05-06
2547,15,52,180,30,2025-12-24
2548,15,213,112,40,2025-04-12
2549,15,161,19,47,2026-01-14
2550,15,90,197,27,2025-10-17
2551,15,230,218,49,2025-04-06
2552,15,76,492,39,2025-08-14
2553,15,241,40,17,2025-11-22
2554,15,23,289,32,2025-03-12
2555,15,42,291,34,2025-04-25
2556,15,155,164,23,2025-01-26
2557,15,290,355,33,2025-10-31
2558,15,80,238,10,2025-04-02
2559,15,211,188,32,2025-02-26
2560,15,103,82,43,2025-03-24
2561,15,289,236,36,2025-12-12
2562,15,234,105,37,2025-06-03
2563,15,117,120,15,2025-06-10
2564,15,220,314,28,2025-09-26
2565,15,170,317,45,2025-10-19
2566,15,174,390,31,2025-11-10
2567,15,239,201,32,2025-05-25
2568,15,135,211,37,2025-05-07
2569,15,278,152,31,2026-01-21
2570,15,64,134,28,2026-01-17
2571,15,185,113,29,2025-12-30
2572,15,120,131,14,2025-06-06
2573,15,225,313,17,2025-07-22
2574,15,284,291,48,2025-10-29
2575,15,263,125,48,2025-05-05
2576,15,122,426,26,2025-05-22
2577,15,21,296,38,2025-05-26
2578,15,298,115,46,2025-05-19
2579,15,199,449,36,2025-05-16
2580,15,281,8,43,2026-01-24
2581,15,228,346,45,2025-03-29
2582,15,55,74,24,2025-01-25
2583,15,1,303,31,2025-09-14
2584,15,173,215,18,2025-11-06
2585,15,201,370,40,2026-01-06
2586,15,88,478,23,2025-10-22
2587,15,172,342,44,2025-11-25
2588,15,4,394,43,2025-10-26
2589,15,261,439,27,2025-02-21
2590,15,87,127,20,2025-02-23
2591,15,11,495,10,2026-01-25
2592,15,181,292,38,2025-03-08
2593,15,251,31,21,2025-02-28
2594,15,18,440,40,2026-01-25
2595,15,188,22,40,2025-06-17
2596,15,95,154,43,2025-06-28
2597,15,116,98,28,2025-11-19
2598,15,238,363,36,2025-07-09
2599,15,99,172,40,2025-10-27
2600,15,265,67,18,2025-01-20
2601,15,130,125,10,2025-01-22
2602,15,195,154,27,2025-10-18
2603,15,153,221,29,2025-07-15
2604,15,115,475,14,2025-03-17
2605,15,56,370,49,2025-04-25
2606,15,142,290,13,2025-01-15
2607,15,9,72,32,2025-02-24
2608,15,37,69,17,2025-04-15
2609,15,191,375,39,2025-06-20
2610,15,285,439,35,2025-07-02
2611,15,176,270,48,2025-07-20
2612,15,60,97,31,2025-10-26
2613,15,286,172,50,2025-12-13
2614,15,235,429,40,2025-01-02
2615,15,159,284,37,2025-02-10
2616,15,146,472,46,2025-11-09
2617,15,81,111,14,2025-05-14
2618,15,51,361,33,2025-10-10
2619,15,8,152,22,2025-05-13
2620,15,91,356,30,2025-07-23
2621,15,193,198,24,2025-02-13
2622,15,102,37,24,2025-10-05
2623,15,194,281,33,2025-01-25
2624,15,3,453,23,2025-06-01
2625,15,163,455,21,2025-04-08
2626,15,77,424,36,2025-03-22
2627,15,136,477,18,2025-01-18
2628,15,198,439,25,2025-04-10
2629,15,36,158,39,2025-05-30
2630,15,277,93,26,2025-07-28
2631,15,38,106,16,2025-01-10
2632,15,231,154,24,2025-12-06
2633,15,190,230,47,2025-08-01
2634,15,119,258,35,2026-02-05
2635,15,184,420,44,2025-01-15
2636,15,94,16,45,2025-11-30
2637,15,247,160,19,2025-10-19
2638,15,16,440,27,2025-07-15
2639,15,75,385,47,2025-01-26
2640,15,279,78,15,2025-11-28
2641,15,253,339,41,2025-08-13
2642,15,250,455,28,2025-02-02
2643,15,61,238,26,2025-04-07
2644,15,40,19,29,2025-04-17
2645,15,233,430,30,2025-01-30
2646,15,143,79,24,2025-10-02
2647,15,252,406,33,2025-01-25
2648,15,110,83,20,2025-10-14
2649,15,63,312,27,2025-08-05
2650,15,274,200,31,2025-04-03
2651,15,151,229,31,2026-01-09
2652,15,175,446,20,2025-04-12
2653,15,223,102,18,2025-09-24
2654,15,246,78,49,2025-04-30
2655,15,121,4,18,2025-01-09
2656,15,43,68,31,2025-07-25
2657,15,256,293,16,2025-04-21
2658,15,92,104,10,2025-04-28
2659,15,165,11,24,2025-04-12
2660,15,217,129,36,2025-08-28
2661,15,93,225,14,2026-01-11
2662,15,132,354,17,2025-12-10
2663,15,15,461,37,2025-08-22
2664,15,245,186,10,2025-08-13
2665,15,127,438,37,2025-03-14
2666,15,85,397,40,2025-11-09
2667,15,54,312,32,2026-01-20
2668,15,240,416,30,2025-05-08
2669,15,297,460,13,2025-03-30
2670,15,229,142,33,2025-04-18
2671,15,145,28,15,2025-03-30
2672,15,254,466,24,2026-01-12
2673,15,32,297,45,2026-01-30
2674,15,160,132,41,2025-03-29
2675,15,106,120,11,2025-04-21
2676,15,46,138,18,2025-01-24
